CATEGORY,START_TIME,ROAD,DEPARTMENT,YEAR
3,2024-01-01 05:45:00,Октябрьская,CSH,2024
2,2024-01-01 21:14:00,Октябрьская,CSH,2024
2,2024-02-01 05:24:00,Октябрьская,CSH,2024
2,2024-02-01 06:55:00,Октябрьская,CSH,2024
2,2024-02-01 08:06:00,Октябрьская,CSH,2024
3,2024-02-01 10:29:00,Октябрьская,CSH,2024
2,2024-03-01 02:09:00,Октябрьская,CSH,2024
3,2024-03-01 02:22:00,Октябрьская,CSH,2024
2,2024-03-01 02:37:00,Октябрьская,CSH,2024
2,2024-03-01 03:14:00,Октябрьская,CSH,2024
3,2024-03-01 04:50:00,Октябрьская,CSH,2024
3,2024-03-01 05:40:00,Октябрьская,CSH,2024
2,2024-03-01 06:07:00,Октябрьская,CSH,2024
2,2024-03-01 08:05:00,Октябрьская,CSH,2024
3,2024-03-01 09:38:00,Октябрьская,CSH,2024
3,2024-04-01 03:30:00,Октябрьская,CSH,2024
3,2024-04-01 03:30:00,Октябрьская,CSH,2024
3,2024-04-01 03:58:00,Октябрьская,CSH,2024
3,2024-04-01 11:12:00,Октябрьская,CSH,2024
2,2024-04-01 22:02:00,Октябрьская,CSH,2024
3,2024-05-01 02:50:00,Октябрьская,CSH,2024
3,2024-05-01 11:25:00,Октябрьская,CSH,2024
2,2024-05-01 16:46:00,Октябрьская,CSH,2024
2,2024-05-01 20:10:00,Октябрьская,CSH,2024
3,2024-05-01 22:04:00,Октябрьская,CSH,2024
2,2024-06-01 03:55:00,Октябрьская,CSH,2024
2,2024-06-01 04:43:00,Октябрьская,CSH,2024
2,2024-06-01 09:49:00,Октябрьская,CSH,2024
2,2024-06-01 11:00:00,Октябрьская,CSH,2024
2,2024-06-01 16:47:00,Октябрьская,CSH,2024
1,2024-06-01 20:54:00,Октябрьская,CSH,2024
2,2024-07-01 04:38:00,Октябрьская,CSH,2024
2,2024-07-01 05:10:00,Октябрьская,CSH,2024
3,2024-07-01 12:14:00,Октябрьская,CSH,2024
3,2024-07-01 20:48:00,Октябрьская,CSH,2024
2,2024-07-01 22:39:00,Октябрьская,CSH,2024
3,2024-08-01 04:10:00,Октябрьская,CSH,2024
3,2024-08-01 04:55:00,Октябрьская,CSH,2024
3,2024-08-01 05:13:00,Октябрьская,CSH,2024
3,2024-08-01 08:13:00,Октябрьская,CSH,2024
1,2024-08-01 16:43:00,Октябрьская,CSH,2024
3,2024-08-01 19:37:00,Октябрьская,CSH,2024
2,2024-08-01 22:49:00,Октябрьская,CSH,2024
2,2024-08-01 23:16:00,Октябрьская,CSH,2024
3,2024-09-01 03:11:00,Октябрьская,CSH,2024
2,2024-09-01 07:34:00,Октябрьская,CSH,2024
2,2024-09-01 11:31:00,Октябрьская,CSH,2024
2,2024-09-01 11:36:00,Октябрьская,CSH,2024
2,2024-09-01 11:41:00,Октябрьская,CSH,2024
3,2024-09-01 13:18:00,Октябрьская,CSH,2024
2,2024-09-01 16:45:00,Октябрьская,CSH,2024
2,2024-09-01 18:14:00,Октябрьская,CSH,2024
3,2024-10-01 05:25:00,Октябрьская,CSH,2024
2,2024-10-01 10:40:00,Октябрьская,CSH,2024
2,2024-10-01 20:44:00,Октябрьская,CSH,2024
3,2024-11-01 00:50:00,Октябрьская,CSH,2024
2,2024-11-01 04:47:00,Октябрьская,CSH,2024
3,2024-11-01 05:17:00,Октябрьская,CSH,2024
2,2024-11-01 07:20:00,Октябрьская,CSH,2024
3,2024-11-01 15:50:00,Октябрьская,CSH,2024
3,2024-12-01 02:00:00,Октябрьская,CSH,2024
2,2024-12-01 04:00:00,Октябрьская,CSH,2024
3,2024-12-01 08:00:00,Октябрьская,CSH,2024
3,2024-12-01 08:43:00,Октябрьская,CSH,2024
3,2024-12-01 08:50:00,Октябрьская,CSH,2024
2,2024-12-01 09:35:00,Октябрьская,CSH,2024
2,2024-12-01 09:36:00,Октябрьская,CSH,2024
3,2024-12-01 17:13:00,Октябрьская,CSH,2024
2,2024-12-01 21:50:00,Октябрьская,CSH,2024
2,2024-01-13 05:44:00,Октябрьская,CSH,2024
2,2024-01-13 09:24:00,Октябрьская,CSH,2024
3,2024-01-13 11:10:00,Октябрьская,CSH,2024
2,2024-01-13 13:19:00,Октябрьская,CSH,2024
2,2024-01-13 19:35:00,Октябрьская,CSH,2024
3,2024-01-13 23:22:00,Октябрьская,CSH,2024
3,2024-01-14 11:45:00,Октябрьская,CSH,2024
3,2024-01-15 03:40:00,Октябрьская,CSH,2024
2,2024-01-15 08:50:00,Октябрьская,CSH,2024
3,2024-01-15 20:44:00,Октябрьская,CSH,2024
3,2024-01-16 04:10:00,Октябрьская,CSH,2024
2,2024-01-16 04:15:00,Октябрьская,CSH,2024
2,2024-01-16 06:52:00,Октябрьская,CSH,2024
3,2024-01-16 12:18:00,Октябрьская,CSH,2024
3,2024-01-17 11:48:00,Октябрьская,CSH,2024
3,2024-01-17 17:37:00,Октябрьская,CSH,2024
3,2024-01-17 18:02:00,Октябрьская,CSH,2024
3,2024-01-17 20:20:00,Октябрьская,CSH,2024
2,2024-01-18 06:15:00,Октябрьская,CSH,2024
3,2024-01-18 12:05:00,Октябрьская,CSH,2024
1,2024-01-18 18:16:00,Октябрьская,CSH,2024
2,2024-01-18 21:37:00,Октябрьская,CSH,2024
2,2024-01-19 04:06:00,Октябрьская,CSH,2024
3,2024-01-19 08:00:00,Октябрьская,CSH,2024
3,2024-01-19 08:00:00,Октябрьская,CSH,2024
3,2024-01-19 08:47:00,Октябрьская,CSH,2024
3,2024-01-19 13:01:00,Октябрьская,CSH,2024
3,2024-01-19 15:55:00,Октябрьская,CSH,2024
3,2024-01-19 16:23:00,Октябрьская,CSH,2024
2,2024-01-20 06:02:00,Октябрьская,CSH,2024
3,2024-01-20 08:00:00,Октябрьская,CSH,2024
3,2024-01-20 08:00:00,Октябрьская,CSH,2024
3,2024-01-21 03:12:00,Октябрьская,CSH,2024
2,2024-01-21 05:04:00,Октябрьская,CSH,2024
3,2024-01-21 05:05:00,Октябрьская,CSH,2024
2,2024-01-22 10:30:00,Октябрьская,CSH,2024
3,2024-01-22 11:55:00,Октябрьская,CSH,2024
3,2024-01-22 14:30:00,Октябрьская,CSH,2024
3,2024-01-23 06:47:00,Октябрьская,CSH,2024
3,2024-01-23 07:00:00,Октябрьская,CSH,2024
2,2024-01-23 09:40:00,Октябрьская,CSH,2024
3,2024-01-23 09:40:00,Октябрьская,CSH,2024
3,2024-01-23 12:13:00,Октябрьская,CSH,2024
3,2024-01-23 18:20:00,Октябрьская,CSH,2024
2,2024-01-23 20:05:00,Октябрьская,CSH,2024
2,2024-01-24 00:02:00,Октябрьская,CSH,2024
2,2024-01-25 06:40:00,Октябрьская,CSH,2024
3,2024-01-25 09:02:00,Октябрьская,CSH,2024
3,2024-01-25 11:47:00,Октябрьская,CSH,2024
3,2024-01-25 11:49:00,Октябрьская,CSH,2024
3,2024-01-25 11:51:00,Октябрьская,CSH,2024
3,2024-01-25 11:53:00,Октябрьская,CSH,2024
3,2024-01-25 14:10:00,Октябрьская,CSH,2024
3,2024-01-26 08:00:00,Октябрьская,CSH,2024
3,2024-01-26 08:00:00,Октябрьская,CSH,2024
3,2024-01-26 08:00:00,Октябрьская,CSH,2024
3,2024-01-26 12:30:00,Октябрьская,CSH,2024
2,2024-01-26 15:37:00,Октябрьская,CSH,2024
3,2024-01-27 04:06:00,Октябрьская,CSH,2024
3,2024-01-27 04:45:00,Октябрьская,CSH,2024
2,2024-01-28 23:54:00,Октябрьская,CSH,2024
2,2024-01-29 10:55:00,Октябрьская,CSH,2024
3,2024-01-30 05:25:00,Октябрьская,CSH,2024
3,2024-01-30 09:05:00,Октябрьская,CSH,2024
3,2024-01-30 09:34:00,Октябрьская,CSH,2024
2,2024-01-31 01:26:00,Октябрьская,CSH,2024
3,2024-01-31 04:33:00,Октябрьская,CSH,2024
3,2024-01-31 12:35:00,Октябрьская,CSH,2024
3,2024-01-31 15:59:00,Октябрьская,CSH,2024
2,2024-01-02 07:27:00,Октябрьская,CSH,2024
3,2024-01-02 15:45:00,Октябрьская,CSH,2024
2,2024-01-02 17:27:00,Октябрьская,CSH,2024
3,2024-01-02 21:40:00,Октябрьская,CSH,2024
3,2024-02-02 08:39:00,Октябрьская,CSH,2024
3,2024-02-02 10:00:00,Октябрьская,CSH,2024
3,2024-02-02 10:00:00,Октябрьская,CSH,2024
2,2024-02-02 13:20:00,Октябрьская,CSH,2024
3,2024-03-02 22:40:00,Октябрьская,CSH,2024
3,2024-04-02 11:00:00,Октябрьская,CSH,2024
2,2024-04-02 13:15:00,Октябрьская,CSH,2024
2,2024-04-02 21:28:00,Октябрьская,CSH,2024
2,2024-05-02 14:35:00,Октябрьская,CSH,2024
3,2024-05-02 15:17:00,Октябрьская,CSH,2024
2,2024-05-02 20:15:00,Октябрьская,CSH,2024
3,2024-06-02 00:26:00,Октябрьская,CSH,2024
3,2024-06-02 01:20:00,Октябрьская,CSH,2024
3,2024-06-02 11:50:00,Октябрьская,CSH,2024
3,2024-06-02 12:10:00,Октябрьская,CSH,2024
3,2024-06-02 16:30:00,Октябрьская,CSH,2024
2,2024-06-02 17:07:00,Октябрьская,CSH,2024
3,2024-06-02 17:39:00,Октябрьская,CSH,2024
3,2024-06-02 21:38:00,Октябрьская,CSH,2024
3,2024-07-02 00:12:00,Октябрьская,CSH,2024
2,2024-07-02 03:33:00,Октябрьская,CSH,2024
3,2024-07-02 10:57:00,Октябрьская,CSH,2024
3,2024-08-02 05:36:00,Октябрьская,CSH,2024
2,2024-08-02 06:30:00,Октябрьская,CSH,2024
3,2024-08-02 07:00:00,Октябрьская,CSH,2024
2,2024-08-02 07:58:00,Октябрьская,CSH,2024
3,2024-08-02 10:20:00,Октябрьская,CSH,2024
3,2024-08-02 18:20:00,Октябрьская,CSH,2024
2,2024-08-02 22:25:00,Октябрьская,CSH,2024
2,2024-09-02 05:31:00,Октябрьская,CSH,2024
3,2024-10-02 06:37:00,Октябрьская,CSH,2024
3,2024-10-02 09:17:00,Октябрьская,CSH,2024
2,2024-10-02 11:12:00,Октябрьская,CSH,2024
3,2024-10-02 13:05:00,Октябрьская,CSH,2024
3,2024-10-02 13:15:00,Октябрьская,CSH,2024
1,2024-10-02 18:01:00,Октябрьская,CSH,2024
2,2024-10-02 19:34:00,Октябрьская,CSH,2024
2,2024-11-02 07:10:00,Октябрьская,CSH,2024
3,2024-11-02 11:25:00,Октябрьская,CSH,2024
2,2024-11-02 17:58:00,Октябрьская,CSH,2024
2,2024-12-02 03:05:00,Октябрьская,CSH,2024
2,2024-12-02 05:10:00,Октябрьская,CSH,2024
2,2024-12-02 05:33:00,Октябрьская,CSH,2024
3,2024-02-13 08:14:00,Октябрьская,CSH,2024
3,2024-02-13 19:45:00,Октябрьская,CSH,2024
3,2024-02-14 06:03:00,Октябрьская,CSH,2024
3,2024-02-14 16:02:00,Октябрьская,CSH,2024
1,2024-02-15 07:20:00,Октябрьская,CSH,2024
2,2024-02-15 14:49:00,Октябрьская,CSH,2024
3,2024-02-15 15:40:00,Октябрьская,CSH,2024
2,2024-02-15 15:41:00,Октябрьская,CSH,2024
3,2024-02-15 18:25:00,Октябрьская,CSH,2024
3,2024-02-16 14:30:00,Октябрьская,CSH,2024
3,2024-02-16 16:22:00,Октябрьская,CSH,2024
1,2024-02-17 01:30:00,Октябрьская,CSH,2024
2,2024-02-17 02:10:00,Октябрьская,CSH,2024
3,2024-02-17 05:49:00,Октябрьская,CSH,2024
3,2024-02-17 12:30:00,Октябрьская,CSH,2024
3,2024-02-17 16:00:00,Октябрьская,CSH,2024
3,2024-02-17 16:27:00,Октябрьская,CSH,2024
2,2024-02-18 03:55:00,Октябрьская,CSH,2024
3,2024-02-18 12:19:00,Октябрьская,CSH,2024
2,2024-02-19 09:25:00,Октябрьская,CSH,2024
3,2024-02-19 11:12:00,Октябрьская,CSH,2024
3,2024-02-19 14:05:00,Октябрьская,CSH,2024
2,2024-02-20 01:28:00,Октябрьская,CSH,2024
3,2024-02-20 06:53:00,Октябрьская,CSH,2024
3,2024-02-20 12:00:00,Октябрьская,CSH,2024
3,2024-02-20 17:19:00,Октябрьская,CSH,2024
3,2024-02-21 02:25:00,Октябрьская,CSH,2024
3,2024-02-21 11:11:00,Октябрьская,CSH,2024
3,2024-02-21 11:35:00,Октябрьская,CSH,2024
3,2024-02-21 13:12:00,Октябрьская,CSH,2024
3,2024-02-22 01:28:00,Октябрьская,CSH,2024
2,2024-02-23 00:33:00,Октябрьская,CSH,2024
2,2024-02-23 05:40:00,Октябрьская,CSH,2024
3,2024-02-23 05:44:00,Октябрьская,CSH,2024
2,2024-02-23 11:30:00,Октябрьская,CSH,2024
3,2024-02-24 18:37:00,Октябрьская,CSH,2024
3,2024-02-24 19:33:00,Октябрьская,CSH,2024
3,2024-02-24 19:40:00,Октябрьская,CSH,2024
1,2024-02-25 00:30:00,Октябрьская,CSH,2024
3,2024-02-25 20:44:00,Октябрьская,CSH,2024
3,2024-02-25 21:01:00,Октябрьская,CSH,2024
3,2024-02-25 22:52:00,Октябрьская,CSH,2024
2,2024-02-25 23:50:00,Октябрьская,CSH,2024
3,2024-02-26 01:21:00,Октябрьская,CSH,2024
1,2024-02-26 04:25:00,Октябрьская,CSH,2024
3,2024-02-26 10:09:00,Октябрьская,CSH,2024
3,2024-02-26 11:00:00,Октябрьская,CSH,2024
3,2024-02-26 13:58:00,Октябрьская,CSH,2024
3,2024-02-26 14:24:00,Октябрьская,CSH,2024
2,2024-02-26 18:24:00,Октябрьская,CSH,2024
3,2024-02-26 20:47:00,Октябрьская,CSH,2024
3,2024-02-27 04:43:00,Октябрьская,CSH,2024
3,2024-02-27 06:14:00,Октябрьская,CSH,2024
3,2024-02-27 16:05:00,Октябрьская,CSH,2024
2,2024-02-27 21:27:00,Октябрьская,CSH,2024
2,2024-02-27 23:02:00,Октябрьская,CSH,2024
3,2024-02-28 11:52:00,Октябрьская,CSH,2024
3,2024-02-28 20:20:00,Октябрьская,CSH,2024
1,2024-02-29 16:48:00,Октябрьская,CSH,2024
3,2024-01-03 08:59:00,Октябрьская,CSH,2024
3,2024-01-03 16:45:00,Октябрьская,CSH,2024
3,2024-02-03 12:52:00,Октябрьская,CSH,2024
2,2024-03-03 04:09:00,Октябрьская,CSH,2024
3,2024-03-03 06:54:00,Октябрьская,CSH,2024
3,2024-03-03 18:59:00,Октябрьская,CSH,2024
2,2024-04-03 15:00:00,Октябрьская,CSH,2024
3,2024-05-03 13:50:00,Октябрьская,CSH,2024
2,2024-05-03 17:18:00,Октябрьская,CSH,2024
2,2024-05-03 18:52:00,Октябрьская,CSH,2024
3,2024-06-03 13:07:00,Октябрьская,CSH,2024
2,2024-06-03 14:32:00,Октябрьская,CSH,2024
2,2024-06-03 22:03:00,Октябрьская,CSH,2024
3,2024-07-03 11:36:00,Октябрьская,CSH,2024
3,2024-07-03 12:12:00,Октябрьская,CSH,2024
3,2024-07-03 12:20:00,Октябрьская,CSH,2024
2,2024-07-03 14:10:00,Октябрьская,CSH,2024
2,2024-07-03 20:03:00,Октябрьская,CSH,2024
3,2024-08-03 03:33:00,Октябрьская,CSH,2024
3,2024-08-03 08:18:00,Октябрьская,CSH,2024
3,2024-08-03 19:39:00,Октябрьская,CSH,2024
3,2024-08-03 23:00:00,Октябрьская,CSH,2024
2,2024-09-03 05:02:00,Октябрьская,CSH,2024
2,2024-10-03 00:16:00,Октябрьская,CSH,2024
3,2024-10-03 11:20:00,Октябрьская,CSH,2024
3,2024-11-03 06:25:00,Октябрьская,CSH,2024
3,2024-11-03 17:37:00,Октябрьская,CSH,2024
3,2024-11-03 18:59:00,Октябрьская,CSH,2024
2,2024-11-03 23:41:00,Октябрьская,CSH,2024
3,2024-12-03 02:55:00,Октябрьская,CSH,2024
3,2024-12-03 11:30:00,Октябрьская,CSH,2024
3,2024-12-03 15:41:00,Октябрьская,CSH,2024
3,2024-12-03 23:55:00,Октябрьская,CSH,2024
3,2024-03-13 01:31:00,Октябрьская,CSH,2024
3,2024-03-14 06:07:00,Октябрьская,CSH,2024
3,2024-03-14 06:29:00,Октябрьская,CSH,2024
3,2024-03-14 11:06:00,Октябрьская,CSH,2024
2,2024-03-14 14:30:00,Октябрьская,CSH,2024
3,2024-03-14 17:01:00,Октябрьская,CSH,2024
3,2024-03-15 00:42:00,Октябрьская,CSH,2024
2,2024-03-15 02:05:00,Октябрьская,CSH,2024
3,2024-03-15 05:10:00,Октябрьская,CSH,2024
3,2024-03-15 10:50:00,Октябрьская,CSH,2024
2,2024-03-15 19:09:00,Октябрьская,CSH,2024
3,2024-03-15 22:07:00,Октябрьская,CSH,2024
2,2024-03-16 00:05:00,Октябрьская,CSH,2024
3,2024-03-16 16:15:00,Октябрьская,CSH,2024
2,2024-03-16 17:15:00,Октябрьская,CSH,2024
3,2024-03-17 09:53:00,Октябрьская,CSH,2024
3,2024-03-17 18:33:00,Октябрьская,CSH,2024
3,2024-03-19 08:48:00,Октябрьская,CSH,2024
3,2024-03-19 08:54:00,Октябрьская,CSH,2024
1,2024-03-19 22:50:00,Октябрьская,CSH,2024
3,2024-03-20 10:50:00,Октябрьская,CSH,2024
3,2024-03-20 22:05:00,Октябрьская,CSH,2024
2,2024-03-20 23:54:00,Октябрьская,CSH,2024
3,2024-03-21 12:51:00,Октябрьская,CSH,2024
2,2024-03-21 13:20:00,Октябрьская,CSH,2024
3,2024-03-21 17:50:00,Октябрьская,CSH,2024
3,2024-03-21 18:48:00,Октябрьская,CSH,2024
3,2024-03-21 23:26:00,Октябрьская,CSH,2024
3,2024-03-22 02:38:00,Октябрьская,CSH,2024
3,2024-03-23 20:25:00,Октябрьская,CSH,2024
3,2024-03-23 21:46:00,Октябрьская,CSH,2024
3,2024-03-24 11:23:00,Октябрьская,CSH,2024
2,2024-03-24 11:50:00,Октябрьская,CSH,2024
3,2024-03-25 06:51:00,Октябрьская,CSH,2024
3,2024-03-25 15:36:00,Октябрьская,CSH,2024
3,2024-03-25 16:04:00,Октябрьская,CSH,2024
3,2024-03-25 21:00:00,Октябрьская,CSH,2024
3,2024-03-26 16:05:00,Октябрьская,CSH,2024
3,2024-03-26 19:00:00,Октябрьская,CSH,2024
1,2024-03-26 19:55:00,Октябрьская,CSH,2024
2,2024-03-27 02:40:00,Октябрьская,CSH,2024
3,2024-03-27 09:32:00,Октябрьская,CSH,2024
3,2024-03-27 11:19:00,Октябрьская,CSH,2024
3,2024-03-27 16:15:00,Октябрьская,CSH,2024
2,2024-03-27 18:41:00,Октябрьская,CSH,2024
3,2024-03-27 23:08:00,Октябрьская,CSH,2024
2,2024-03-29 00:50:00,Октябрьская,CSH,2024
3,2024-03-29 02:21:00,Октябрьская,CSH,2024
1,2024-03-29 03:20:00,Октябрьская,CSH,2024
1,2024-03-29 18:25:00,Октябрьская,CSH,2024
3,2024-03-30 09:12:00,Октябрьская,CSH,2024
3,2024-03-31 07:29:00,Октябрьская,CSH,2024
2,2024-01-04 11:39:00,Октябрьская,CSH,2024
3,2024-01-04 14:20:00,Октябрьская,CSH,2024
2,2024-01-04 16:32:00,Октябрьская,CSH,2024
3,2024-01-04 16:50:00,Октябрьская,CSH,2024
3,2024-01-04 17:40:00,Октябрьская,CSH,2024
3,2024-02-04 07:59:00,Октябрьская,CSH,2024
3,2024-02-04 10:00:00,Октябрьская,CSH,2024
2,2024-02-04 11:27:00,Октябрьская,CSH,2024
3,2024-03-04 00:45:00,Октябрьская,CSH,2024
3,2024-03-04 08:00:00,Октябрьская,CSH,2024
3,2024-03-04 08:00:00,Октябрьская,CSH,2024
3,2024-03-04 13:05:00,Октябрьская,CSH,2024
2,2024-03-04 20:52:00,Октябрьская,CSH,2024
3,2024-03-04 21:50:00,Октябрьская,CSH,2024
2,2024-04-04 03:44:00,Октябрьская,CSH,2024
3,2024-04-04 06:01:00,Октябрьская,CSH,2024
3,2024-04-04 09:49:00,Октябрьская,CSH,2024
2,2024-04-04 16:12:00,Октябрьская,CSH,2024
1,2024-05-04 23:08:00,Октябрьская,CSH,2024
2,2024-06-04 01:58:00,Октябрьская,CSH,2024
3,2024-06-04 07:31:00,Октябрьская,CSH,2024
3,2024-06-04 09:13:00,Октябрьская,CSH,2024
3,2024-07-04 11:16:00,Октябрьская,CSH,2024
2,2024-07-04 14:08:00,Октябрьская,CSH,2024
3,2024-07-04 16:16:00,Октябрьская,CSH,2024
3,2024-08-04 02:10:00,Октябрьская,CSH,2024
3,2024-08-04 02:55:00,Октябрьская,CSH,2024
2,2024-08-04 08:06:00,Октябрьская,CSH,2024
3,2024-08-04 08:08:00,Октябрьская,CSH,2024
3,2024-08-04 12:10:00,Октябрьская,CSH,2024
3,2024-08-04 22:33:00,Октябрьская,CSH,2024
3,2024-08-04 23:19:00,Октябрьская,CSH,2024
3,2024-09-04 04:57:00,Октябрьская,CSH,2024
1,2024-09-04 13:56:00,Октябрьская,CSH,2024
2,2024-10-04 04:37:00,Октябрьская,CSH,2024
3,2024-10-04 05:02:00,Октябрьская,CSH,2024
3,2024-10-04 10:08:00,Октябрьская,CSH,2024
3,2024-10-04 15:22:00,Октябрьская,CSH,2024
3,2024-10-04 15:46:00,Октябрьская,CSH,2024
3,2024-10-04 18:12:00,Октябрьская,CSH,2024
2,2024-10-04 18:20:00,Октябрьская,CSH,2024
3,2024-11-04 09:35:00,Октябрьская,CSH,2024
2,2024-12-04 02:28:00,Октябрьская,CSH,2024
3,2024-04-13 05:11:00,Октябрьская,CSH,2024
3,2024-04-13 19:58:00,Октябрьская,CSH,2024
3,2024-04-14 00:05:00,Октябрьская,CSH,2024
3,2024-04-14 01:45:00,Октябрьская,CSH,2024
3,2024-04-14 08:13:00,Октябрьская,CSH,2024
3,2024-04-14 11:44:00,Октябрьская,CSH,2024
2,2024-04-14 22:47:00,Октябрьская,CSH,2024
3,2024-04-15 01:07:00,Октябрьская,CSH,2024
3,2024-04-15 01:46:00,Октябрьская,CSH,2024
3,2024-04-15 04:42:00,Октябрьская,CSH,2024
3,2024-04-15 16:00:00,Октябрьская,CSH,2024
2,2024-04-16 04:14:00,Октябрьская,CSH,2024
3,2024-04-16 06:15:00,Октябрьская,CSH,2024
3,2024-04-16 07:43:00,Октябрьская,CSH,2024
2,2024-04-16 08:00:00,Октябрьская,CSH,2024
2,2024-04-16 15:55:00,Октябрьская,CSH,2024
3,2024-04-17 06:20:00,Октябрьская,CSH,2024
3,2024-04-17 10:00:00,Октябрьская,CSH,2024
3,2024-04-18 00:40:00,Октябрьская,CSH,2024
2,2024-04-18 02:11:00,Октябрьская,CSH,2024
3,2024-04-18 10:57:00,Октябрьская,CSH,2024
3,2024-04-18 20:25:00,Октябрьская,CSH,2024
3,2024-04-19 07:10:00,Октябрьская,CSH,2024
2,2024-04-19 15:41:00,Октябрьская,CSH,2024
2,2024-04-19 16:53:00,Октябрьская,CSH,2024
3,2024-04-19 23:36:00,Октябрьская,CSH,2024
3,2024-04-20 09:42:00,Октябрьская,CSH,2024
2,2024-04-21 01:01:00,Октябрьская,CSH,2024
3,2024-04-21 01:57:00,Октябрьская,CSH,2024
2,2024-04-21 02:39:00,Октябрьская,CSH,2024
2,2024-04-21 14:25:00,Октябрьская,CSH,2024
3,2024-04-22 12:44:00,Октябрьская,CSH,2024
3,2024-04-22 15:10:00,Октябрьская,CSH,2024
1,2024-04-22 20:43:00,Октябрьская,CSH,2024
2,2024-04-22 21:06:00,Октябрьская,CSH,2024
2,2024-04-23 04:46:00,Октябрьская,CSH,2024
3,2024-04-23 16:49:00,Октябрьская,CSH,2024
3,2024-04-23 19:40:00,Октябрьская,CSH,2024
3,2024-04-23 23:26:00,Октябрьская,CSH,2024
2,2024-04-24 00:06:00,Октябрьская,CSH,2024
2,2024-04-24 03:30:00,Октябрьская,CSH,2024
3,2024-04-24 07:12:00,Октябрьская,CSH,2024
2,2024-04-24 11:41:00,Октябрьская,CSH,2024
3,2024-04-24 11:50:00,Октябрьская,CSH,2024
3,2024-04-24 17:03:00,Октябрьская,CSH,2024
1,2024-04-24 17:20:00,Октябрьская,CSH,2024
3,2024-04-25 09:27:00,Октябрьская,CSH,2024
3,2024-04-25 11:01:00,Октябрьская,CSH,2024
3,2024-04-25 11:30:00,Октябрьская,CSH,2024
3,2024-04-25 12:40:00,Октябрьская,CSH,2024
3,2024-04-25 16:34:00,Октябрьская,CSH,2024
2,2024-04-26 00:45:00,Октябрьская,CSH,2024
3,2024-04-26 06:05:00,Октябрьская,CSH,2024
2,2024-04-27 13:00:00,Октябрьская,CSH,2024
2,2024-04-27 18:39:00,Октябрьская,CSH,2024
3,2024-04-28 02:24:00,Октябрьская,CSH,2024
3,2024-04-28 05:00:00,Октябрьская,CSH,2024
3,2024-04-28 06:20:00,Октябрьская,CSH,2024
3,2024-04-28 09:28:00,Октябрьская,CSH,2024
3,2024-04-29 23:25:00,Октябрьская,CSH,2024
3,2024-04-30 03:21:00,Октябрьская,CSH,2024
2,2024-04-30 08:55:00,Октябрьская,CSH,2024
3,2024-01-05 04:05:00,Октябрьская,CSH,2024
3,2024-01-05 07:00:00,Октябрьская,CSH,2024
2,2024-02-05 02:25:00,Октябрьская,CSH,2024
2,2024-02-05 02:40:00,Октябрьская,CSH,2024
3,2024-02-05 03:18:00,Октябрьская,CSH,2024
1,2024-02-05 03:58:00,Октябрьская,CSH,2024
3,2024-02-05 12:20:00,Октябрьская,CSH,2024
2,2024-03-05 22:30:00,Октябрьская,CSH,2024
3,2024-05-05 16:55:00,Октябрьская,CSH,2024
3,2024-06-05 10:51:00,Октябрьская,CSH,2024
1,2024-06-05 14:06:00,Октябрьская,CSH,2024
3,2024-06-05 17:12:00,Октябрьская,CSH,2024
2,2024-06-05 23:32:00,Октябрьская,CSH,2024
3,2024-07-05 15:38:00,Октябрьская,CSH,2024
3,2024-10-05 10:45:00,Октябрьская,CSH,2024
3,2024-10-05 14:43:00,Октябрьская,CSH,2024
3,2024-11-05 05:34:00,Октябрьская,CSH,2024
2,2024-11-05 11:14:00,Октябрьская,CSH,2024
3,2024-12-05 02:06:00,Октябрьская,CSH,2024
3,2024-12-05 05:36:00,Октябрьская,CSH,2024
3,2024-05-14 13:27:00,Октябрьская,CSH,2024
2,2024-05-14 16:47:00,Октябрьская,CSH,2024
3,2024-05-14 20:05:00,Октябрьская,CSH,2024
3,2024-05-15 02:48:00,Октябрьская,CSH,2024
3,2024-05-15 03:05:00,Октябрьская,CSH,2024
3,2024-05-15 07:16:00,Октябрьская,CSH,2024
2,2024-05-15 16:59:00,Октябрьская,CSH,2024
3,2024-05-16 08:05:00,Октябрьская,CSH,2024
3,2024-05-16 17:30:00,Октябрьская,CSH,2024
2,2024-05-17 03:10:00,Октябрьская,CSH,2024
3,2024-05-17 17:20:00,Октябрьская,CSH,2024
2,2024-05-17 23:47:00,Октябрьская,CSH,2024
3,2024-05-18 02:08:00,Октябрьская,CSH,2024
2,2024-05-18 17:40:00,Октябрьская,CSH,2024
2,2024-05-18 17:48:00,Октябрьская,CSH,2024
3,2024-05-18 20:49:00,Октябрьская,CSH,2024
3,2024-05-19 00:12:00,Октябрьская,CSH,2024
3,2024-05-19 13:29:00,Октябрьская,CSH,2024
2,2024-05-19 18:29:00,Октябрьская,CSH,2024
2,2024-05-19 20:10:00,Октябрьская,CSH,2024
3,2024-05-19 21:38:00,Октябрьская,CSH,2024
3,2024-05-20 01:22:00,Октябрьская,CSH,2024
3,2024-05-20 05:23:00,Октябрьская,CSH,2024
3,2024-05-20 18:36:00,Октябрьская,CSH,2024
2,2024-05-21 00:55:00,Октябрьская,CSH,2024
3,2024-05-21 07:59:00,Октябрьская,CSH,2024
3,2024-05-21 09:06:00,Октябрьская,CSH,2024
2,2024-05-21 11:04:00,Октябрьская,CSH,2024
3,2024-05-21 12:10:00,Октябрьская,CSH,2024
3,2024-05-21 12:37:00,Октябрьская,CSH,2024
3,2024-05-21 22:36:00,Октябрьская,CSH,2024
2,2024-05-22 01:31:00,Октябрьская,CSH,2024
1,2024-05-22 12:28:00,Октябрьская,CSH,2024
3,2024-05-23 00:00:00,Октябрьская,CSH,2024
2,2024-05-23 09:41:00,Октябрьская,CSH,2024
2,2024-05-23 14:00:00,Октябрьская,CSH,2024
3,2024-05-24 08:26:00,Октябрьская,CSH,2024
3,2024-05-24 19:10:00,Октябрьская,CSH,2024
2,2024-05-24 19:53:00,Октябрьская,CSH,2024
3,2024-05-25 11:20:00,Октябрьская,CSH,2024
2,2024-05-25 17:50:00,Октябрьская,CSH,2024
3,2024-05-25 19:35:00,Октябрьская,CSH,2024
3,2024-05-26 05:40:00,Октябрьская,CSH,2024
3,2024-05-26 06:35:00,Октябрьская,CSH,2024
3,2024-05-26 10:15:00,Октябрьская,CSH,2024
2,2024-05-26 13:27:00,Октябрьская,CSH,2024
2,2024-05-26 14:13:00,Октябрьская,CSH,2024
2,2024-05-26 14:33:00,Октябрьская,CSH,2024
2,2024-05-26 23:31:00,Октябрьская,CSH,2024
2,2024-05-27 06:21:00,Октябрьская,CSH,2024
3,2024-05-27 10:50:00,Октябрьская,CSH,2024
2,2024-05-27 11:30:00,Октябрьская,CSH,2024
2,2024-05-27 14:05:00,Октябрьская,CSH,2024
2,2024-05-27 14:07:00,Октябрьская,CSH,2024
3,2024-05-27 15:30:00,Октябрьская,CSH,2024
2,2024-05-27 18:10:00,Октябрьская,CSH,2024
1,2024-05-28 03:23:00,Октябрьская,CSH,2024
3,2024-05-28 10:00:00,Октябрьская,CSH,2024
2,2024-05-28 15:46:00,Октябрьская,CSH,2024
2,2024-05-28 16:16:00,Октябрьская,CSH,2024
3,2024-05-28 17:01:00,Октябрьская,CSH,2024
3,2024-05-28 17:23:00,Октябрьская,CSH,2024
3,2024-05-28 17:25:00,Октябрьская,CSH,2024
2,2024-05-28 17:30:00,Октябрьская,CSH,2024
3,2024-05-28 18:45:00,Октябрьская,CSH,2024
3,2024-05-28 18:54:00,Октябрьская,CSH,2024
3,2024-05-28 19:12:00,Октябрьская,CSH,2024
2,2024-05-29 01:58:00,Октябрьская,CSH,2024
3,2024-05-29 06:31:00,Октябрьская,CSH,2024
3,2024-05-29 09:00:00,Октябрьская,CSH,2024
2,2024-05-29 09:05:00,Октябрьская,CSH,2024
3,2024-05-29 10:26:00,Октябрьская,CSH,2024
2,2024-05-29 12:24:00,Октябрьская,CSH,2024
3,2024-05-29 14:22:00,Октябрьская,CSH,2024
3,2024-05-29 15:44:00,Октябрьская,CSH,2024
3,2024-05-29 19:55:00,Октябрьская,CSH,2024
3,2024-05-29 22:55:00,Октябрьская,CSH,2024
3,2024-05-30 00:20:00,Октябрьская,CSH,2024
3,2024-05-30 01:12:00,Октябрьская,CSH,2024
3,2024-05-30 13:40:00,Октябрьская,CSH,2024
3,2024-05-30 14:16:00,Октябрьская,CSH,2024
2,2024-05-30 15:08:00,Октябрьская,CSH,2024
3,2024-05-30 15:57:00,Октябрьская,CSH,2024
3,2024-05-30 21:00:00,Октябрьская,CSH,2024
2,2024-05-31 05:57:00,Октябрьская,CSH,2024
3,2024-05-31 10:15:00,Октябрьская,CSH,2024
2,2024-05-31 16:00:00,Октябрьская,CSH,2024
3,2024-05-31 16:40:00,Октябрьская,CSH,2024
3,2024-05-31 17:45:00,Октябрьская,CSH,2024
3,2024-05-31 18:29:00,Октябрьская,CSH,2024
3,2024-05-31 22:15:00,Октябрьская,CSH,2024
3,2024-05-31 22:15:00,Октябрьская,CSH,2024
3,2024-01-06 01:12:00,Октябрьская,CSH,2024
3,2024-01-06 04:33:00,Октябрьская,CSH,2024
3,2024-01-06 06:24:00,Октябрьская,CSH,2024
3,2024-01-06 14:57:00,Октябрьская,CSH,2024
2,2024-01-06 15:55:00,Октябрьская,CSH,2024
2,2024-01-06 17:10:00,Октябрьская,CSH,2024
3,2024-01-06 17:38:00,Октябрьская,CSH,2024
2,2024-01-06 18:50:00,Октябрьская,CSH,2024
2,2024-01-06 19:44:00,Октябрьская,CSH,2024
3,2024-01-06 19:45:00,Октябрьская,CSH,2024
3,2024-01-06 20:00:00,Октябрьская,CSH,2024
3,2024-01-06 23:10:00,Октябрьская,CSH,2024
2,2024-02-06 06:08:00,Октябрьская,CSH,2024
3,2024-02-06 10:33:00,Октябрьская,CSH,2024
3,2024-02-06 11:50:00,Октябрьская,CSH,2024
3,2024-02-06 12:32:00,Октябрьская,CSH,2024
3,2024-02-06 13:46:00,Октябрьская,CSH,2024
2,2024-02-06 15:52:00,Октябрьская,CSH,2024
3,2024-02-06 16:30:00,Октябрьская,CSH,2024
3,2024-02-06 16:31:00,Октябрьская,CSH,2024
3,2024-02-06 16:47:00,Октябрьская,CSH,2024
3,2024-02-06 17:11:00,Октябрьская,CSH,2024
2,2024-02-06 17:27:00,Октябрьская,CSH,2024
3,2024-02-06 19:29:00,Октябрьская,CSH,2024
3,2024-02-06 19:52:00,Октябрьская,CSH,2024
3,2024-02-06 19:55:00,Октябрьская,CSH,2024
3,2024-02-06 20:00:00,Октябрьская,CSH,2024
3,2024-02-06 20:05:00,Октябрьская,CSH,2024
2,2024-02-06 21:49:00,Октябрьская,CSH,2024
2,2024-03-06 01:24:00,Октябрьская,CSH,2024
3,2024-03-06 01:30:00,Октябрьская,CSH,2024
3,2024-03-06 01:42:00,Октябрьская,CSH,2024
2,2024-03-06 02:51:00,Октябрьская,CSH,2024
3,2024-03-06 03:57:00,Октябрьская,CSH,2024
3,2024-03-06 04:26:00,Октябрьская,CSH,2024
3,2024-03-06 05:01:00,Октябрьская,CSH,2024
3,2024-03-06 10:40:00,Октябрьская,CSH,2024
3,2024-03-06 11:24:00,Октябрьская,CSH,2024
3,2024-03-06 12:33:00,Октябрьская,CSH,2024
2,2024-03-06 15:27:00,Октябрьская,CSH,2024
2,2024-03-06 16:13:00,Октябрьская,CSH,2024
3,2024-03-06 17:46:00,Октябрьская,CSH,2024
3,2024-03-06 19:34:00,Октябрьская,CSH,2024
3,2024-03-06 20:35:00,Октябрьская,CSH,2024
3,2024-03-06 20:44:00,Октябрьская,CSH,2024
3,2024-03-06 22:40:00,Октябрьская,CSH,2024
2,2024-04-06 00:57:00,Октябрьская,CSH,2024
3,2024-04-06 01:53:00,Октябрьская,CSH,2024
3,2024-04-06 02:06:00,Октябрьская,CSH,2024
3,2024-04-06 05:32:00,Октябрьская,CSH,2024
2,2024-04-06 08:10:00,Октябрьская,CSH,2024
3,2024-04-06 10:38:00,Октябрьская,CSH,2024
3,2024-04-06 11:31:00,Октябрьская,CSH,2024
3,2024-04-06 11:32:00,Октябрьская,CSH,2024
3,2024-04-06 12:40:00,Октябрьская,CSH,2024
3,2024-04-06 13:40:00,Октябрьская,CSH,2024
2,2024-04-06 14:19:00,Октябрьская,CSH,2024
3,2024-04-06 16:32:00,Октябрьская,CSH,2024
3,2024-04-06 19:00:00,Октябрьская,CSH,2024
3,2024-04-06 21:42:00,Октябрьская,CSH,2024
2,2024-05-06 03:12:00,Октябрьская,CSH,2024
2,2024-05-06 04:30:00,Октябрьская,CSH,2024
2,2024-05-06 05:55:00,Октябрьская,CSH,2024
3,2024-05-06 08:52:00,Октябрьская,CSH,2024
3,2024-05-06 10:39:00,Октябрьская,CSH,2024
2,2024-05-06 17:54:00,Октябрьская,CSH,2024
2,2024-05-06 19:07:00,Октябрьская,CSH,2024
2,2024-05-06 21:47:00,Октябрьская,CSH,2024
2,2024-05-06 22:00:00,Октябрьская,CSH,2024
3,2024-06-06 01:44:00,Октябрьская,CSH,2024
3,2024-06-06 07:33:00,Октябрьская,CSH,2024
2,2024-06-06 11:23:00,Октябрьская,CSH,2024
2,2024-06-06 13:07:00,Октябрьская,CSH,2024
3,2024-06-06 14:42:00,Октябрьская,CSH,2024
3,2024-06-06 17:00:00,Октябрьская,CSH,2024
2,2024-06-06 17:27:00,Октябрьская,CSH,2024
2,2024-06-06 18:08:00,Октябрьская,CSH,2024
3,2024-06-06 20:26:00,Октябрьская,CSH,2024
3,2024-07-06 02:16:00,Октябрьская,CSH,2024
3,2024-07-06 02:52:00,Октябрьская,CSH,2024
2,2024-07-06 12:16:00,Октябрьская,CSH,2024
3,2024-07-06 14:58:00,Октябрьская,CSH,2024
3,2024-07-06 18:36:00,Октябрьская,CSH,2024
2,2024-08-06 00:22:00,Октябрьская,CSH,2024
3,2024-08-06 07:36:00,Октябрьская,CSH,2024
3,2024-08-06 12:00:00,Октябрьская,CSH,2024
3,2024-08-06 12:05:00,Октябрьская,CSH,2024
3,2024-08-06 18:44:00,Октябрьская,CSH,2024
3,2024-08-06 19:42:00,Октябрьская,CSH,2024
3,2024-08-06 21:35:00,Октябрьская,CSH,2024
2,2024-08-06 21:51:00,Октябрьская,CSH,2024
3,2024-09-06 01:37:00,Октябрьская,CSH,2024
3,2024-09-06 17:43:00,Октябрьская,CSH,2024
3,2024-09-06 20:01:00,Октябрьская,CSH,2024
3,2024-10-06 00:30:00,Октябрьская,CSH,2024
3,2024-10-06 03:40:00,Октябрьская,CSH,2024
3,2024-10-06 03:45:00,Октябрьская,CSH,2024
3,2024-10-06 19:24:00,Октябрьская,CSH,2024
2,2024-10-06 21:27:00,Октябрьская,CSH,2024
3,2024-11-06 02:25:00,Октябрьская,CSH,2024
3,2024-11-06 14:50:00,Октябрьская,CSH,2024
3,2024-12-06 00:34:00,Октябрьская,CSH,2024
3,2024-12-06 04:35:00,Октябрьская,CSH,2024
3,2024-12-06 04:39:00,Октябрьская,CSH,2024
3,2024-12-06 06:51:00,Октябрьская,CSH,2024
2,2024-12-06 07:08:00,Октябрьская,CSH,2024
2,2024-12-06 11:35:00,Октябрьская,CSH,2024
3,2024-12-06 12:15:00,Октябрьская,CSH,2024
3,2024-12-06 13:44:00,Октябрьская,CSH,2024
2,2024-12-06 16:55:00,Октябрьская,CSH,2024
2,2024-12-06 18:55:00,Октябрьская,CSH,2024
3,2024-12-06 20:59:00,Октябрьская,CSH,2024
2,2024-06-13 04:20:00,Октябрьская,CSH,2024
3,2024-06-13 05:30:00,Октябрьская,CSH,2024
3,2024-06-13 09:30:00,Октябрьская,CSH,2024
3,2024-06-13 13:49:00,Октябрьская,CSH,2024
2,2024-06-13 18:20:00,Октябрьская,CSH,2024
3,2024-06-13 19:01:00,Октябрьская,CSH,2024
3,2024-06-14 00:00:00,Октябрьская,CSH,2024
2,2024-06-14 03:45:00,Октябрьская,CSH,2024
1,2024-06-14 12:49:00,Октябрьская,CSH,2024
3,2024-06-14 15:01:00,Октябрьская,CSH,2024
2,2024-06-15 02:01:00,Октябрьская,CSH,2024
3,2024-06-15 04:32:00,Октябрьская,CSH,2024
3,2024-06-15 12:52:00,Октябрьская,CSH,2024
2,2024-06-15 14:29:00,Октябрьская,CSH,2024
3,2024-06-15 14:38:00,Октябрьская,CSH,2024
3,2024-06-15 18:01:00,Октябрьская,CSH,2024
2,2024-06-15 20:00:00,Октябрьская,CSH,2024
3,2024-06-15 20:00:00,Октябрьская,CSH,2024
3,2024-06-15 20:00:00,Октябрьская,CSH,2024
3,2024-06-15 22:01:00,Октябрьская,CSH,2024
3,2024-06-16 02:38:00,Октябрьская,CSH,2024
2,2024-06-16 09:41:00,Октябрьская,CSH,2024
2,2024-06-16 11:58:00,Октябрьская,CSH,2024
2,2024-06-16 18:26:00,Октябрьская,CSH,2024
3,2024-06-16 20:00:00,Октябрьская,CSH,2024
3,2024-06-17 08:32:00,Октябрьская,CSH,2024
2,2024-06-18 15:09:00,Октябрьская,CSH,2024
3,2024-06-18 15:53:00,Октябрьская,CSH,2024
2,2024-06-19 23:41:00,Октябрьская,CSH,2024
3,2024-06-20 02:13:00,Октябрьская,CSH,2024
3,2024-06-20 03:38:00,Октябрьская,CSH,2024
2,2024-06-20 05:15:00,Октябрьская,CSH,2024
2,2024-06-20 10:50:00,Октябрьская,CSH,2024
2,2024-06-20 12:29:00,Октябрьская,CSH,2024
2,2024-06-20 18:20:00,Октябрьская,CSH,2024
3,2024-06-20 20:27:00,Октябрьская,CSH,2024
3,2024-06-20 20:31:00,Октябрьская,CSH,2024
2,2024-06-21 11:17:00,Октябрьская,CSH,2024
3,2024-06-21 17:36:00,Октябрьская,CSH,2024
2,2024-06-21 20:00:00,Октябрьская,CSH,2024
3,2024-06-21 23:36:00,Октябрьская,CSH,2024
3,2024-06-22 05:48:00,Октябрьская,CSH,2024
3,2024-06-22 08:26:00,Октябрьская,CSH,2024
2,2024-06-22 09:50:00,Октябрьская,CSH,2024
2,2024-06-22 13:21:00,Октябрьская,CSH,2024
3,2024-06-22 20:56:00,Октябрьская,CSH,2024
3,2024-06-22 22:20:00,Октябрьская,CSH,2024
2,2024-06-23 01:00:00,Октябрьская,CSH,2024
3,2024-06-23 16:46:00,Октябрьская,CSH,2024
3,2024-06-23 17:18:00,Октябрьская,CSH,2024
3,2024-06-24 02:10:00,Октябрьская,CSH,2024
2,2024-06-24 09:04:00,Октябрьская,CSH,2024
2,2024-06-24 21:16:00,Октябрьская,CSH,2024
3,2024-06-24 23:52:00,Октябрьская,CSH,2024
2,2024-06-25 09:31:00,Октябрьская,CSH,2024
2,2024-06-25 10:20:00,Октябрьская,CSH,2024
2,2024-06-25 13:01:00,Октябрьская,CSH,2024
3,2024-06-25 14:59:00,Октябрьская,CSH,2024
2,2024-06-26 12:02:00,Октябрьская,CSH,2024
3,2024-06-26 15:10:00,Октябрьская,CSH,2024
3,2024-06-26 20:07:00,Октябрьская,CSH,2024
2,2024-06-27 05:27:00,Октябрьская,CSH,2024
3,2024-06-27 10:30:00,Октябрьская,CSH,2024
3,2024-06-27 15:01:00,Октябрьская,CSH,2024
2,2024-06-27 16:54:00,Октябрьская,CSH,2024
3,2024-06-27 19:53:00,Октябрьская,CSH,2024
3,2024-06-27 22:05:00,Октябрьская,CSH,2024
3,2024-06-28 07:51:00,Октябрьская,CSH,2024
3,2024-06-28 08:30:00,Октябрьская,CSH,2024
3,2024-06-28 15:59:00,Октябрьская,CSH,2024
3,2024-06-28 21:38:00,Октябрьская,CSH,2024
3,2024-06-29 02:40:00,Октябрьская,CSH,2024
3,2024-06-29 10:22:00,Октябрьская,CSH,2024
3,2024-06-29 12:48:00,Октябрьская,CSH,2024
2,2024-06-29 13:17:00,Октябрьская,CSH,2024
1,2024-06-29 19:27:00,Октябрьская,CSH,2024
2,2024-06-29 19:28:00,Октябрьская,CSH,2024
2,2024-06-29 20:04:00,Октябрьская,CSH,2024
3,2024-06-29 20:04:00,Октябрьская,CSH,2024
3,2024-06-29 20:35:00,Октябрьская,CSH,2024
2,2024-06-29 22:22:00,Октябрьская,CSH,2024
2,2024-06-30 02:32:00,Октябрьская,CSH,2024
2,2024-06-30 06:39:00,Октябрьская,CSH,2024
3,2024-06-30 12:30:00,Октябрьская,CSH,2024
3,2024-06-30 17:07:00,Октябрьская,CSH,2024
2,2024-01-07 02:05:00,Октябрьская,CSH,2024
3,2024-01-07 04:50:00,Октябрьская,CSH,2024
2,2024-01-07 07:20:00,Октябрьская,CSH,2024
3,2024-01-07 09:50:00,Октябрьская,CSH,2024
3,2024-01-07 10:20:00,Октябрьская,CSH,2024
3,2024-01-07 15:03:00,Октябрьская,CSH,2024
2,2024-01-07 16:04:00,Октябрьская,CSH,2024
2,2024-01-07 17:28:00,Октябрьская,CSH,2024
2,2024-01-07 17:42:00,Октябрьская,CSH,2024
3,2024-01-07 19:28:00,Октябрьская,CSH,2024
3,2024-01-07 20:12:00,Октябрьская,CSH,2024
3,2024-01-07 20:39:00,Октябрьская,CSH,2024
2,2024-01-07 20:42:00,Октябрьская,CSH,2024
3,2024-01-07 20:50:00,Октябрьская,CSH,2024
2,2024-01-07 20:55:00,Октябрьская,CSH,2024
2,2024-01-07 23:51:00,Октябрьская,CSH,2024
2,2024-02-07 01:58:00,Октябрьская,CSH,2024
3,2024-02-07 02:49:00,Октябрьская,CSH,2024
3,2024-02-07 03:07:00,Октябрьская,CSH,2024
3,2024-02-07 04:46:00,Октябрьская,CSH,2024
3,2024-02-07 05:10:00,Октябрьская,CSH,2024
2,2024-02-07 05:40:00,Октябрьская,CSH,2024
3,2024-02-07 08:00:00,Октябрьская,CSH,2024
2,2024-02-07 09:57:00,Октябрьская,CSH,2024
2,2024-02-07 11:08:00,Октябрьская,CSH,2024
3,2024-02-07 12:50:00,Октябрьская,CSH,2024
3,2024-02-07 12:55:00,Октябрьская,CSH,2024
3,2024-02-07 14:00:00,Октябрьская,CSH,2024
3,2024-02-07 14:08:00,Октябрьская,CSH,2024
2,2024-02-07 14:56:00,Октябрьская,CSH,2024
3,2024-02-07 16:36:00,Октябрьская,CSH,2024
2,2024-02-07 18:36:00,Октябрьская,CSH,2024
3,2024-02-07 19:59:00,Октябрьская,CSH,2024
3,2024-02-07 20:00:00,Октябрьская,CSH,2024
2,2024-02-07 22:00:00,Октябрьская,CSH,2024
3,2024-03-07 00:09:00,Октябрьская,CSH,2024
3,2024-03-07 02:22:00,Октябрьская,CSH,2024
3,2024-03-07 08:00:00,Октябрьская,CSH,2024
3,2024-03-07 08:30:00,Октябрьская,CSH,2024
2,2024-03-07 08:59:00,Октябрьская,CSH,2024
3,2024-03-07 15:52:00,Октябрьская,CSH,2024
3,2024-03-07 19:58:00,Октябрьская,CSH,2024
2,2024-03-07 21:12:00,Октябрьская,CSH,2024
3,2024-04-07 06:05:00,Октябрьская,CSH,2024
3,2024-04-07 06:30:00,Октябрьская,CSH,2024
3,2024-04-07 08:00:00,Октябрьская,CSH,2024
2,2024-04-07 17:33:00,Октябрьская,CSH,2024
3,2024-04-07 23:00:00,Октябрьская,CSH,2024
1,2024-04-07 23:43:00,Октябрьская,CSH,2024
2,2024-04-07 23:54:00,Октябрьская,CSH,2024
3,2024-05-07 00:50:00,Октябрьская,CSH,2024
2,2024-05-07 01:28:00,Октябрьская,CSH,2024
3,2024-05-07 02:00:00,Октябрьская,CSH,2024
2,2024-05-07 02:31:00,Октябрьская,CSH,2024
3,2024-05-07 09:58:00,Октябрьская,CSH,2024
2,2024-05-07 13:05:00,Октябрьская,CSH,2024
2,2024-05-07 13:50:00,Октябрьская,CSH,2024
2,2024-05-07 14:36:00,Октябрьская,CSH,2024
3,2024-06-07 09:29:00,Октябрьская,CSH,2024
2,2024-06-07 10:46:00,Октябрьская,CSH,2024
3,2024-06-07 13:44:00,Октябрьская,CSH,2024
2,2024-06-07 15:08:00,Октябрьская,CSH,2024
3,2024-06-07 19:59:00,Октябрьская,CSH,2024
2,2024-07-07 00:22:00,Октябрьская,CSH,2024
2,2024-07-07 04:08:00,Октябрьская,CSH,2024
3,2024-07-07 05:19:00,Октябрьская,CSH,2024
3,2024-07-07 05:19:00,Октябрьская,CSH,2024
3,2024-07-07 05:19:00,Октябрьская,CSH,2024
3,2024-07-07 05:19:00,Октябрьская,CSH,2024
2,2024-07-07 06:40:00,Октябрьская,CSH,2024
3,2024-07-07 09:53:00,Октябрьская,CSH,2024
3,2024-07-07 09:53:00,Октябрьская,CSH,2024
3,2024-07-07 09:53:00,Октябрьская,CSH,2024
3,2024-07-07 09:53:00,Октябрьская,CSH,2024
2,2024-07-07 13:35:00,Октябрьская,CSH,2024
3,2024-07-07 14:15:00,Октябрьская,CSH,2024
3,2024-07-07 15:38:00,Октябрьская,CSH,2024
2,2024-07-07 17:42:00,Октябрьская,CSH,2024
2,2024-07-07 20:01:00,Октябрьская,CSH,2024
2,2024-08-07 01:40:00,Октябрьская,CSH,2024
3,2024-08-07 09:53:00,Октябрьская,CSH,2024
2,2024-08-07 14:20:00,Октябрьская,CSH,2024
2,2024-09-07 06:45:00,Октябрьская,CSH,2024
2,2024-09-07 07:23:00,Октябрьская,CSH,2024
3,2024-09-07 12:03:00,Октябрьская,CSH,2024
3,2024-09-07 12:59:00,Октябрьская,CSH,2024
3,2024-09-07 13:17:00,Октябрьская,CSH,2024
2,2024-09-07 13:37:00,Октябрьская,CSH,2024
1,2024-09-07 14:30:00,Октябрьская,CSH,2024
3,2024-09-07 17:26:00,Октябрьская,CSH,2024
3,2024-10-07 13:18:00,Октябрьская,CSH,2024
2,2024-10-07 14:06:00,Октябрьская,CSH,2024
2,2024-10-07 14:50:00,Октябрьская,CSH,2024
3,2024-10-07 15:10:00,Октябрьская,CSH,2024
3,2024-10-07 15:20:00,Октябрьская,CSH,2024
3,2024-10-07 16:02:00,Октябрьская,CSH,2024
2,2024-10-07 18:00:00,Октябрьская,CSH,2024
2,2024-10-07 22:53:00,Октябрьская,CSH,2024
3,2024-11-07 05:38:00,Октябрьская,CSH,2024
3,2024-11-07 12:53:00,Октябрьская,CSH,2024
3,2024-11-07 16:28:00,Октябрьская,CSH,2024
3,2024-11-07 19:46:00,Октябрьская,CSH,2024
3,2024-12-07 03:18:00,Октябрьская,CSH,2024
3,2024-12-07 03:19:00,Октябрьская,CSH,2024
3,2024-12-07 13:15:00,Октябрьская,CSH,2024
3,2024-12-07 18:39:00,Октябрьская,CSH,2024
3,2024-12-07 19:17:00,Октябрьская,CSH,2024
2,2024-12-07 20:40:00,Октябрьская,CSH,2024
3,2024-07-13 11:12:00,Октябрьская,CSH,2024
2,2024-07-13 13:22:00,Октябрьская,CSH,2024
2,2024-07-13 19:05:00,Октябрьская,CSH,2024
2,2024-07-13 20:28:00,Октябрьская,CSH,2024
3,2024-07-13 21:01:00,Октябрьская,CSH,2024
3,2024-07-14 03:00:00,Октябрьская,CSH,2024
2,2024-07-14 10:25:00,Октябрьская,CSH,2024
3,2024-07-14 10:35:00,Октябрьская,CSH,2024
2,2024-07-15 00:02:00,Октябрьская,CSH,2024
2,2024-07-15 11:16:00,Октябрьская,CSH,2024
3,2024-07-15 15:25:00,Октябрьская,CSH,2024
2,2024-07-16 00:50:00,Октябрьская,CSH,2024
2,2024-07-16 03:00:00,Октябрьская,CSH,2024
3,2024-07-16 12:42:00,Октябрьская,CSH,2024
3,2024-07-16 19:30:00,Октябрьская,CSH,2024
2,2024-07-17 11:02:00,Октябрьская,CSH,2024
3,2024-07-17 14:56:00,Октябрьская,CSH,2024
3,2024-07-18 02:36:00,Октябрьская,CSH,2024
3,2024-07-18 07:13:00,Октябрьская,CSH,2024
3,2024-07-18 10:28:00,Октябрьская,CSH,2024
3,2024-07-18 11:08:00,Октябрьская,CSH,2024
3,2024-07-18 15:43:00,Октябрьская,CSH,2024
3,2024-07-18 16:02:00,Октябрьская,CSH,2024
2,2024-07-18 17:33:00,Октябрьская,CSH,2024
3,2024-07-18 18:10:00,Октябрьская,CSH,2024
3,2024-07-18 19:38:00,Октябрьская,CSH,2024
3,2024-07-19 00:55:00,Октябрьская,CSH,2024
2,2024-07-19 03:10:00,Октябрьская,CSH,2024
3,2024-07-19 03:46:00,Октябрьская,CSH,2024
2,2024-07-19 13:10:00,Октябрьская,CSH,2024
3,2024-07-19 13:55:00,Октябрьская,CSH,2024
3,2024-07-19 14:20:00,Октябрьская,CSH,2024
3,2024-07-19 20:04:00,Октябрьская,CSH,2024
3,2024-07-19 20:12:00,Октябрьская,CSH,2024
3,2024-07-20 02:45:00,Октябрьская,CSH,2024
3,2024-07-20 14:03:00,Октябрьская,CSH,2024
1,2024-07-20 14:17:00,Октябрьская,CSH,2024
3,2024-07-20 17:26:00,Октябрьская,CSH,2024
2,2024-07-20 18:41:00,Октябрьская,CSH,2024
3,2024-07-20 20:18:00,Октябрьская,CSH,2024
3,2024-07-21 05:13:00,Октябрьская,CSH,2024
2,2024-07-21 06:37:00,Октябрьская,CSH,2024
3,2024-07-21 12:55:00,Октябрьская,CSH,2024
2,2024-07-21 13:58:00,Октябрьская,CSH,2024
3,2024-07-21 20:58:00,Октябрьская,CSH,2024
2,2024-07-22 05:00:00,Октябрьская,CSH,2024
3,2024-07-22 14:29:00,Октябрьская,CSH,2024
3,2024-07-22 14:31:00,Октябрьская,CSH,2024
3,2024-07-22 14:52:00,Октябрьская,CSH,2024
2,2024-07-22 17:36:00,Октябрьская,CSH,2024
1,2024-07-22 21:02:00,Октябрьская,CSH,2024
1,2024-07-23 04:55:00,Октябрьская,CSH,2024
2,2024-07-23 05:57:00,Октябрьская,CSH,2024
2,2024-07-23 11:44:00,Октябрьская,CSH,2024
2,2024-07-24 04:15:00,Октябрьская,CSH,2024
3,2024-07-24 08:37:00,Октябрьская,CSH,2024
3,2024-07-24 13:08:00,Октябрьская,CSH,2024
2,2024-07-24 14:16:00,Октябрьская,CSH,2024
3,2024-07-24 15:06:00,Октябрьская,CSH,2024
2,2024-07-24 16:45:00,Октябрьская,CSH,2024
1,2024-07-24 22:10:00,Октябрьская,CSH,2024
3,2024-07-24 23:06:00,Октябрьская,CSH,2024
3,2024-07-25 04:02:00,Октябрьская,CSH,2024
3,2024-07-25 12:15:00,Октябрьская,CSH,2024
3,2024-07-25 17:35:00,Октябрьская,CSH,2024
3,2024-07-26 10:07:00,Октябрьская,CSH,2024
3,2024-07-26 10:50:00,Октябрьская,CSH,2024
3,2024-07-26 23:13:00,Октябрьская,CSH,2024
2,2024-07-27 03:25:00,Октябрьская,CSH,2024
3,2024-07-27 06:50:00,Октябрьская,CSH,2024
2,2024-07-27 09:08:00,Октябрьская,CSH,2024
2,2024-07-27 11:15:00,Октябрьская,CSH,2024
3,2024-07-27 12:50:00,Октябрьская,CSH,2024
2,2024-07-27 13:20:00,Октябрьская,CSH,2024
3,2024-07-27 15:50:00,Октябрьская,CSH,2024
3,2024-07-27 17:30:00,Октябрьская,CSH,2024
3,2024-07-27 21:47:00,Октябрьская,CSH,2024
2,2024-07-28 03:59:00,Октябрьская,CSH,2024
3,2024-07-28 06:28:00,Октябрьская,CSH,2024
2,2024-07-28 10:07:00,Октябрьская,CSH,2024
3,2024-07-28 10:20:00,Октябрьская,CSH,2024
3,2024-07-28 10:30:00,Октябрьская,CSH,2024
3,2024-07-28 14:23:00,Октябрьская,CSH,2024
3,2024-07-28 14:48:00,Октябрьская,CSH,2024
2,2024-07-28 19:00:00,Октябрьская,CSH,2024
3,2024-07-28 21:15:00,Октябрьская,CSH,2024
2,2024-07-29 02:31:00,Октябрьская,CSH,2024
3,2024-07-29 03:08:00,Октябрьская,CSH,2024
2,2024-07-29 11:16:00,Октябрьская,CSH,2024
2,2024-07-30 06:42:00,Октябрьская,CSH,2024
2,2024-07-30 14:20:00,Октябрьская,CSH,2024
3,2024-07-31 02:30:00,Октябрьская,CSH,2024
2,2024-07-31 04:03:00,Октябрьская,CSH,2024
2,2024-07-31 08:40:00,Октябрьская,CSH,2024
2,2024-07-31 13:20:00,Октябрьская,CSH,2024
2,2024-07-31 13:34:00,Октябрьская,CSH,2024
2,2024-07-31 13:51:00,Октябрьская,CSH,2024
2,2024-07-31 18:12:00,Октябрьская,CSH,2024
3,2024-01-08 04:27:00,Октябрьская,CSH,2024
3,2024-01-08 11:06:00,Октябрьская,CSH,2024
2,2024-01-08 11:19:00,Октябрьская,CSH,2024
1,2024-02-08 03:38:00,Октябрьская,CSH,2024
3,2024-02-08 06:24:00,Октябрьская,CSH,2024
3,2024-02-08 06:57:00,Октябрьская,CSH,2024
3,2024-02-08 13:35:00,Октябрьская,CSH,2024
3,2024-02-08 14:20:00,Октябрьская,CSH,2024
3,2024-02-08 19:06:00,Октябрьская,CSH,2024
3,2024-02-08 19:53:00,Октябрьская,CSH,2024
3,2024-02-08 21:11:00,Октябрьская,CSH,2024
3,2024-02-08 22:15:00,Октябрьская,CSH,2024
3,2024-03-08 17:15:00,Октябрьская,CSH,2024
2,2024-04-08 13:34:00,Октябрьская,CSH,2024
3,2024-04-08 20:35:00,Октябрьская,CSH,2024
3,2024-04-08 23:37:00,Октябрьская,CSH,2024
1,2024-05-08 04:25:00,Октябрьская,CSH,2024
2,2024-05-08 09:26:00,Октябрьская,CSH,2024
3,2024-05-08 15:21:00,Октябрьская,CSH,2024
3,2024-07-08 04:12:00,Октябрьская,CSH,2024
3,2024-07-08 05:06:00,Октябрьская,CSH,2024
3,2024-07-08 11:45:00,Октябрьская,CSH,2024
3,2024-08-08 07:30:00,Октябрьская,CSH,2024
3,2024-08-08 11:17:00,Октябрьская,CSH,2024
3,2024-09-08 02:18:00,Октябрьская,CSH,2024
3,2024-09-08 02:32:00,Октябрьская,CSH,2024
2,2024-09-08 06:10:00,Октябрьская,CSH,2024
2,2024-09-08 10:15:00,Октябрьская,CSH,2024
2,2024-09-08 13:45:00,Октябрьская,CSH,2024
3,2024-09-08 18:18:00,Октябрьская,CSH,2024
3,2024-09-08 23:06:00,Октябрьская,CSH,2024
3,2024-10-08 01:35:00,Октябрьская,CSH,2024
3,2024-10-08 02:27:00,Октябрьская,CSH,2024
2,2024-10-08 06:40:00,Октябрьская,CSH,2024
2,2024-10-08 07:42:00,Октябрьская,CSH,2024
2,2024-10-08 08:04:00,Октябрьская,CSH,2024
3,2024-10-08 08:20:00,Октябрьская,CSH,2024
3,2024-10-08 08:20:00,Октябрьская,CSH,2024
2,2024-10-08 12:52:00,Октябрьская,CSH,2024
2,2024-10-08 14:06:00,Октябрьская,CSH,2024
3,2024-10-08 17:00:00,Октябрьская,CSH,2024
3,2024-10-08 19:31:00,Октябрьская,CSH,2024
3,2024-10-08 20:14:00,Октябрьская,CSH,2024
2,2024-11-08 16:33:00,Октябрьская,CSH,2024
3,2024-12-08 02:15:00,Октябрьская,CSH,2024
3,2024-12-08 03:00:00,Октябрьская,CSH,2024
3,2024-12-08 03:30:00,Октябрьская,CSH,2024
3,2024-12-08 06:06:00,Октябрьская,CSH,2024
2,2024-12-08 21:35:00,Октябрьская,CSH,2024
3,2024-08-13 08:35:00,Октябрьская,CSH,2024
3,2024-08-13 10:20:00,Октябрьская,CSH,2024
3,2024-08-13 12:10:00,Октябрьская,CSH,2024
3,2024-08-13 14:20:00,Октябрьская,CSH,2024
2,2024-08-13 14:45:00,Октябрьская,CSH,2024
2,2024-08-13 16:26:00,Октябрьская,CSH,2024
3,2024-08-13 18:51:00,Октябрьская,CSH,2024
2,2024-08-13 20:34:00,Октябрьская,CSH,2024
2,2024-08-13 20:51:00,Октябрьская,CSH,2024
3,2024-08-14 03:09:00,Октябрьская,CSH,2024
3,2024-08-14 03:10:00,Октябрьская,CSH,2024
3,2024-08-14 05:20:00,Октябрьская,CSH,2024
3,2024-08-14 11:05:00,Октябрьская,CSH,2024
2,2024-08-14 16:15:00,Октябрьская,CSH,2024
2,2024-08-14 16:34:00,Октябрьская,CSH,2024
2,2024-08-14 16:35:00,Октябрьская,CSH,2024
3,2024-08-14 19:22:00,Октябрьская,CSH,2024
3,2024-08-14 20:12:00,Октябрьская,CSH,2024
2,2024-08-14 23:14:00,Октябрьская,CSH,2024
3,2024-08-15 11:55:00,Октябрьская,CSH,2024
2,2024-08-15 12:35:00,Октябрьская,CSH,2024
3,2024-08-15 14:00:00,Октябрьская,CSH,2024
3,2024-08-15 16:56:00,Октябрьская,CSH,2024
2,2024-08-15 18:48:00,Октябрьская,CSH,2024
2,2024-08-15 21:03:00,Октябрьская,CSH,2024
2,2024-08-16 00:34:00,Октябрьская,CSH,2024
3,2024-08-16 04:47:00,Октябрьская,CSH,2024
3,2024-08-16 10:25:00,Октябрьская,CSH,2024
3,2024-08-16 21:54:00,Октябрьская,CSH,2024
3,2024-08-17 09:18:00,Октябрьская,CSH,2024
3,2024-08-17 23:58:00,Октябрьская,CSH,2024
3,2024-08-18 02:36:00,Октябрьская,CSH,2024
2,2024-08-18 07:16:00,Октябрьская,CSH,2024
3,2024-08-18 14:49:00,Октябрьская,CSH,2024
2,2024-08-18 16:29:00,Октябрьская,CSH,2024
2,2024-08-18 18:50:00,Октябрьская,CSH,2024
2,2024-08-18 20:20:00,Октябрьская,CSH,2024
2,2024-08-18 23:03:00,Октябрьская,CSH,2024
3,2024-08-19 01:56:00,Октябрьская,CSH,2024
2,2024-08-19 05:35:00,Октябрьская,CSH,2024
2,2024-08-19 10:22:00,Октябрьская,CSH,2024
3,2024-08-19 10:57:00,Октябрьская,CSH,2024
2,2024-08-19 14:45:00,Октябрьская,CSH,2024
3,2024-08-19 19:10:00,Октябрьская,CSH,2024
2,2024-08-19 21:41:00,Октябрьская,CSH,2024
1,2024-08-19 23:29:00,Октябрьская,CSH,2024
3,2024-08-19 23:52:00,Октябрьская,CSH,2024
1,2024-08-20 01:40:00,Октябрьская,CSH,2024
3,2024-08-20 06:50:00,Октябрьская,CSH,2024
3,2024-08-20 14:00:00,Октябрьская,CSH,2024
2,2024-08-20 19:01:00,Октябрьская,CSH,2024
3,2024-08-21 08:50:00,Октябрьская,CSH,2024
2,2024-08-21 09:20:00,Октябрьская,CSH,2024
3,2024-08-21 10:58:00,Октябрьская,CSH,2024
2,2024-08-21 12:22:00,Октябрьская,CSH,2024
3,2024-08-21 12:38:00,Октябрьская,CSH,2024
3,2024-08-21 15:25:00,Октябрьская,CSH,2024
1,2024-08-21 18:30:00,Октябрьская,CSH,2024
3,2024-08-21 20:40:00,Октябрьская,CSH,2024
3,2024-08-21 21:31:00,Октябрьская,CSH,2024
2,2024-08-22 04:50:00,Октябрьская,CSH,2024
3,2024-08-22 06:29:00,Октябрьская,CSH,2024
3,2024-08-22 12:40:00,Октябрьская,CSH,2024
2,2024-08-22 12:55:00,Октябрьская,CSH,2024
3,2024-08-22 15:05:00,Октябрьская,CSH,2024
2,2024-08-22 16:08:00,Октябрьская,CSH,2024
3,2024-08-22 23:37:00,Октябрьская,CSH,2024
3,2024-08-22 23:53:00,Октябрьская,CSH,2024
3,2024-08-23 00:50:00,Октябрьская,CSH,2024
3,2024-08-23 01:59:00,Октябрьская,CSH,2024
3,2024-08-23 14:09:00,Октябрьская,CSH,2024
3,2024-08-23 17:35:00,Октябрьская,CSH,2024
3,2024-08-23 19:36:00,Октябрьская,CSH,2024
3,2024-08-23 20:47:00,Октябрьская,CSH,2024
3,2024-08-24 04:40:00,Октябрьская,CSH,2024
2,2024-08-24 13:17:00,Октябрьская,CSH,2024
2,2024-08-24 17:28:00,Октябрьская,CSH,2024
2,2024-08-24 19:15:00,Октябрьская,CSH,2024
3,2024-08-24 20:50:00,Октябрьская,CSH,2024
3,2024-08-25 02:41:00,Октябрьская,CSH,2024
2,2024-08-25 07:47:00,Октябрьская,CSH,2024
1,2024-08-25 07:50:00,Октябрьская,CSH,2024
3,2024-08-25 10:25:00,Октябрьская,CSH,2024
3,2024-08-25 14:14:00,Октябрьская,CSH,2024
3,2024-08-25 16:07:00,Октябрьская,CSH,2024
3,2024-08-25 16:30:00,Октябрьская,CSH,2024
3,2024-08-25 16:41:00,Октябрьская,CSH,2024
3,2024-08-26 08:01:00,Октябрьская,CSH,2024
1,2024-08-26 14:07:00,Октябрьская,CSH,2024
2,2024-08-26 22:37:00,Октябрьская,CSH,2024
3,2024-08-27 01:54:00,Октябрьская,CSH,2024
1,2024-08-27 05:08:00,Октябрьская,CSH,2024
2,2024-08-27 12:19:00,Октябрьская,CSH,2024
3,2024-08-27 12:46:00,Октябрьская,CSH,2024
2,2024-08-27 13:48:00,Октябрьская,CSH,2024
2,2024-08-27 17:08:00,Октябрьская,CSH,2024
3,2024-08-28 14:25:00,Октябрьская,CSH,2024
3,2024-08-28 22:55:00,Октябрьская,CSH,2024
2,2024-08-29 06:51:00,Октябрьская,CSH,2024
3,2024-08-30 10:43:00,Октябрьская,CSH,2024
3,2024-08-30 13:00:00,Октябрьская,CSH,2024
3,2024-08-30 20:48:00,Октябрьская,CSH,2024
2,2024-08-30 21:16:00,Октябрьская,CSH,2024
3,2024-08-31 02:35:00,Октябрьская,CSH,2024
2,2024-08-31 06:16:00,Октябрьская,CSH,2024
2,2024-08-31 07:35:00,Октябрьская,CSH,2024
3,2024-08-31 08:00:00,Октябрьская,CSH,2024
2,2024-08-31 16:41:00,Октябрьская,CSH,2024
3,2024-08-31 19:43:00,Октябрьская,CSH,2024
3,2024-08-31 22:25:00,Октябрьская,CSH,2024
3,2024-08-31 22:56:00,Октябрьская,CSH,2024
2,2024-01-09 01:20:00,Октябрьская,CSH,2024
3,2024-01-09 04:10:00,Октябрьская,CSH,2024
3,2024-02-09 00:00:00,Октябрьская,CSH,2024
1,2024-02-09 01:12:00,Октябрьская,CSH,2024
3,2024-02-09 07:21:00,Октябрьская,CSH,2024
2,2024-02-09 10:30:00,Октябрьская,CSH,2024
3,2024-02-09 15:53:00,Октябрьская,CSH,2024
2,2024-02-09 18:29:00,Октябрьская,CSH,2024
2,2024-03-09 15:16:00,Октябрьская,CSH,2024
3,2024-03-09 23:40:00,Октябрьская,CSH,2024
3,2024-04-09 04:14:00,Октябрьская,CSH,2024
2,2024-04-09 14:24:00,Октябрьская,CSH,2024
1,2024-04-09 14:41:00,Октябрьская,CSH,2024
3,2024-04-09 19:14:00,Октябрьская,CSH,2024
3,2024-04-09 19:33:00,Октябрьская,CSH,2024
3,2024-04-09 22:18:00,Октябрьская,CSH,2024
2,2024-04-09 23:28:00,Октябрьская,CSH,2024
2,2024-05-09 04:04:00,Октябрьская,CSH,2024
3,2024-05-09 05:10:00,Октябрьская,CSH,2024
3,2024-05-09 15:04:00,Октябрьская,CSH,2024
2,2024-05-09 15:24:00,Октябрьская,CSH,2024
3,2024-05-09 23:30:00,Октябрьская,CSH,2024
3,2024-06-09 09:38:00,Октябрьская,CSH,2024
2,2024-06-09 11:06:00,Октябрьская,CSH,2024
3,2024-06-09 11:39:00,Октябрьская,CSH,2024
3,2024-06-09 13:10:00,Октябрьская,CSH,2024
3,2024-06-09 17:41:00,Октябрьская,CSH,2024
3,2024-06-09 19:57:00,Октябрьская,CSH,2024
3,2024-07-09 16:43:00,Октябрьская,CSH,2024
3,2024-08-09 00:45:00,Октябрьская,CSH,2024
3,2024-08-09 14:25:00,Октябрьская,CSH,2024
3,2024-09-09 10:27:00,Октябрьская,CSH,2024
3,2024-09-09 12:54:00,Октябрьская,CSH,2024
3,2024-09-09 15:00:00,Октябрьская,CSH,2024
2,2024-09-09 20:49:00,Октябрьская,CSH,2024
3,2024-10-09 05:11:00,Октябрьская,CSH,2024
3,2024-10-09 08:38:00,Октябрьская,CSH,2024
2,2024-10-09 13:05:00,Октябрьская,CSH,2024
3,2024-10-09 13:31:00,Октябрьская,CSH,2024
3,2024-10-09 15:30:00,Октябрьская,CSH,2024
3,2024-10-09 16:54:00,Октябрьская,CSH,2024
3,2024-10-09 19:12:00,Октябрьская,CSH,2024
2,2024-10-09 20:47:00,Октябрьская,CSH,2024
3,2024-11-09 08:50:00,Октябрьская,CSH,2024
2,2024-11-09 10:13:00,Октябрьская,CSH,2024
3,2024-11-09 10:44:00,Октябрьская,CSH,2024
3,2024-11-09 14:20:00,Октябрьская,CSH,2024
3,2024-12-09 00:30:00,Октябрьская,CSH,2024
2,2024-12-09 12:45:00,Октябрьская,CSH,2024
3,2024-12-09 17:38:00,Октябрьская,CSH,2024
2,2024-12-09 21:17:00,Октябрьская,CSH,2024
2,2024-09-13 05:50:00,Октябрьская,CSH,2024
3,2024-09-13 16:53:00,Октябрьская,CSH,2024
3,2024-09-13 21:55:00,Октябрьская,CSH,2024
3,2024-09-14 03:10:00,Октябрьская,CSH,2024
3,2024-09-14 18:18:00,Октябрьская,CSH,2024
3,2024-09-15 15:48:00,Октябрьская,CSH,2024
3,2024-09-15 16:01:00,Октябрьская,CSH,2024
3,2024-09-16 09:50:00,Октябрьская,CSH,2024
3,2024-09-16 09:58:00,Октябрьская,CSH,2024
3,2024-09-16 10:47:00,Октябрьская,CSH,2024
2,2024-09-16 14:38:00,Октябрьская,CSH,2024
2,2024-09-17 13:11:00,Октябрьская,CSH,2024
2,2024-09-18 09:44:00,Октябрьская,CSH,2024
3,2024-09-18 10:46:00,Октябрьская,CSH,2024
2,2024-09-18 13:20:00,Октябрьская,CSH,2024
2,2024-09-18 19:51:00,Октябрьская,CSH,2024
2,2024-09-19 10:33:00,Октябрьская,CSH,2024
3,2024-09-19 11:34:00,Октябрьская,CSH,2024
2,2024-09-19 15:05:00,Октябрьская,CSH,2024
3,2024-09-19 22:51:00,Октябрьская,CSH,2024
3,2024-09-20 06:00:00,Октябрьская,CSH,2024
3,2024-09-20 13:15:00,Октябрьская,CSH,2024
2,2024-09-20 20:30:00,Октябрьская,CSH,2024
3,2024-09-21 07:54:00,Октябрьская,CSH,2024
2,2024-09-21 22:30:00,Октябрьская,CSH,2024
3,2024-09-22 03:15:00,Октябрьская,CSH,2024
3,2024-09-22 08:44:00,Октябрьская,CSH,2024
2,2024-09-23 03:26:00,Октябрьская,CSH,2024
3,2024-09-23 06:36:00,Октябрьская,CSH,2024
3,2024-09-23 06:38:00,Октябрьская,CSH,2024
3,2024-09-23 09:02:00,Октябрьская,CSH,2024
3,2024-09-23 11:20:00,Октябрьская,CSH,2024
2,2024-09-23 12:09:00,Октябрьская,CSH,2024
3,2024-09-24 00:04:00,Октябрьская,CSH,2024
3,2024-09-25 03:20:00,Октябрьская,CSH,2024
2,2024-09-25 09:35:00,Октябрьская,CSH,2024
2,2024-09-25 19:23:00,Октябрьская,CSH,2024
3,2024-09-25 19:47:00,Октябрьская,CSH,2024
3,2024-09-25 20:21:00,Октябрьская,CSH,2024
2,2024-09-25 20:25:00,Октябрьская,CSH,2024
3,2024-09-25 20:28:00,Октябрьская,CSH,2024
3,2024-09-25 22:01:00,Октябрьская,CSH,2024
3,2024-09-26 00:50:00,Октябрьская,CSH,2024
2,2024-09-26 09:19:00,Октябрьская,CSH,2024
2,2024-09-26 12:12:00,Октябрьская,CSH,2024
3,2024-09-27 03:26:00,Октябрьская,CSH,2024
2,2024-09-27 17:07:00,Октябрьская,CSH,2024
1,2024-09-27 17:20:00,Октябрьская,CSH,2024
1,2024-09-27 19:35:00,Октябрьская,CSH,2024
3,2024-09-28 00:10:00,Октябрьская,CSH,2024
3,2024-09-28 03:13:00,Октябрьская,CSH,2024
3,2024-09-28 07:00:00,Октябрьская,CSH,2024
3,2024-09-28 21:16:00,Октябрьская,CSH,2024
2,2024-09-28 21:50:00,Октябрьская,CSH,2024
3,2024-09-29 10:40:00,Октябрьская,CSH,2024
2,2024-09-29 11:45:00,Октябрьская,CSH,2024
3,2024-09-29 13:07:00,Октябрьская,CSH,2024
3,2024-09-29 13:35:00,Октябрьская,CSH,2024
3,2024-01-10 03:37:00,Октябрьская,CSH,2024
2,2024-01-10 10:00:00,Октябрьская,CSH,2024
2,2024-01-10 16:38:00,Октябрьская,CSH,2024
2,2024-01-10 16:55:00,Октябрьская,CSH,2024
3,2024-01-10 17:37:00,Октябрьская,CSH,2024
3,2024-01-10 19:24:00,Октябрьская,CSH,2024
2,2024-01-10 19:25:00,Октябрьская,CSH,2024
3,2024-01-10 20:28:00,Октябрьская,CSH,2024
3,2024-02-10 14:24:00,Октябрьская,CSH,2024
3,2024-02-10 14:58:00,Октябрьская,CSH,2024
3,2024-02-10 15:03:00,Октябрьская,CSH,2024
3,2024-02-10 21:40:00,Октябрьская,CSH,2024
3,2024-03-10 04:10:00,Октябрьская,CSH,2024
3,2024-03-10 15:09:00,Октябрьская,CSH,2024
3,2024-03-10 15:45:00,Октябрьская,CSH,2024
3,2024-04-10 11:10:00,Октябрьская,CSH,2024
3,2024-04-10 18:53:00,Октябрьская,CSH,2024
2,2024-04-10 21:45:00,Октябрьская,CSH,2024
3,2024-06-10 03:21:00,Октябрьская,CSH,2024
2,2024-06-10 20:25:00,Октябрьская,CSH,2024
3,2024-07-10 16:20:00,Октябрьская,CSH,2024
3,2024-07-10 17:01:00,Октябрьская,CSH,2024
3,2024-07-10 20:10:00,Октябрьская,CSH,2024
3,2024-07-10 20:19:00,Октябрьская,CSH,2024
2,2024-08-10 00:45:00,Октябрьская,CSH,2024
3,2024-08-10 07:06:00,Октябрьская,CSH,2024
3,2024-09-10 01:49:00,Октябрьская,CSH,2024
3,2024-09-10 18:23:00,Октябрьская,CSH,2024
3,2024-10-10 02:56:00,Октябрьская,CSH,2024
3,2024-10-10 03:03:00,Октябрьская,CSH,2024
3,2024-10-10 04:30:00,Октябрьская,CSH,2024
2,2024-10-10 05:10:00,Октябрьская,CSH,2024
3,2024-10-10 11:53:00,Октябрьская,CSH,2024
3,2024-10-10 11:58:00,Октябрьская,CSH,2024
3,2024-10-10 21:00:00,Октябрьская,CSH,2024
3,2024-10-10 22:49:00,Октябрьская,CSH,2024
3,2024-10-10 23:43:00,Октябрьская,CSH,2024
3,2024-11-10 01:36:00,Октябрьская,CSH,2024
3,2024-11-10 10:21:00,Октябрьская,CSH,2024
3,2024-11-10 10:25:00,Октябрьская,CSH,2024
3,2024-11-10 11:35:00,Октябрьская,CSH,2024
3,2024-11-10 13:54:00,Октябрьская,CSH,2024
2,2024-12-10 12:30:00,Октябрьская,CSH,2024
3,2024-12-10 13:54:00,Октябрьская,CSH,2024
2,2024-12-10 13:56:00,Октябрьская,CSH,2024
2,2024-10-13 05:37:00,Октябрьская,CSH,2024
3,2024-10-13 14:45:00,Октябрьская,CSH,2024
2,2024-10-13 14:47:00,Октябрьская,CSH,2024
3,2024-10-13 16:49:00,Октябрьская,CSH,2024
3,2024-10-14 10:43:00,Октябрьская,CSH,2024
2,2024-10-14 13:29:00,Октябрьская,CSH,2024
3,2024-10-14 17:03:00,Октябрьская,CSH,2024
1,2024-10-14 19:54:00,Октябрьская,CSH,2024
3,2024-10-14 21:40:00,Октябрьская,CSH,2024
3,2024-10-15 00:04:00,Октябрьская,CSH,2024
2,2024-10-15 07:50:00,Октябрьская,CSH,2024
3,2024-10-15 15:47:00,Октябрьская,CSH,2024
3,2024-10-16 06:54:00,Октябрьская,CSH,2024
3,2024-10-16 10:20:00,Октябрьская,CSH,2024
2,2024-10-16 15:59:00,Октябрьская,CSH,2024
1,2024-10-16 17:09:00,Октябрьская,CSH,2024
3,2024-10-16 18:20:00,Октябрьская,CSH,2024
3,2024-10-17 10:50:00,Октябрьская,CSH,2024
2,2024-10-17 14:45:00,Октябрьская,CSH,2024
3,2024-10-17 17:15:00,Октябрьская,CSH,2024
3,2024-10-17 22:55:00,Октябрьская,CSH,2024
2,2024-10-17 23:24:00,Октябрьская,CSH,2024
3,2024-10-18 07:50:00,Октябрьская,CSH,2024
3,2024-10-18 22:46:00,Октябрьская,CSH,2024
2,2024-10-19 18:30:00,Октябрьская,CSH,2024
2,2024-10-21 14:49:00,Октябрьская,CSH,2024
3,2024-10-22 00:48:00,Октябрьская,CSH,2024
1,2024-10-22 03:50:00,Октябрьская,CSH,2024
3,2024-10-22 04:55:00,Октябрьская,CSH,2024
3,2024-10-22 10:30:00,Октябрьская,CSH,2024
3,2024-10-22 11:26:00,Октябрьская,CSH,2024
3,2024-10-22 11:30:00,Октябрьская,CSH,2024
3,2024-10-23 03:50:00,Октябрьская,CSH,2024
3,2024-10-23 14:00:00,Октябрьская,CSH,2024
3,2024-10-23 15:48:00,Октябрьская,CSH,2024
3,2024-10-24 04:59:00,Октябрьская,CSH,2024
3,2024-10-24 07:44:00,Октябрьская,CSH,2024
2,2024-10-24 08:58:00,Октябрьская,CSH,2024
3,2024-10-24 10:50:00,Октябрьская,CSH,2024
3,2024-10-24 12:30:00,Октябрьская,CSH,2024
3,2024-10-24 13:38:00,Октябрьская,CSH,2024
2,2024-10-24 16:50:00,Октябрьская,CSH,2024
2,2024-10-24 17:24:00,Октябрьская,CSH,2024
2,2024-10-24 23:25:00,Октябрьская,CSH,2024
2,2024-10-26 10:10:00,Октябрьская,CSH,2024
2,2024-10-26 16:37:00,Октябрьская,CSH,2024
3,2024-10-26 17:18:00,Октябрьская,CSH,2024
3,2024-10-27 19:10:00,Октябрьская,CSH,2024
1,2024-10-28 02:35:00,Октябрьская,CSH,2024
3,2024-10-28 05:50:00,Октябрьская,CSH,2024
2,2024-10-28 07:30:00,Октябрьская,CSH,2024
3,2024-10-28 07:59:00,Октябрьская,CSH,2024
2,2024-10-28 10:43:00,Октябрьская,CSH,2024
3,2024-10-28 20:35:00,Октябрьская,CSH,2024
3,2024-10-28 23:35:00,Октябрьская,CSH,2024
3,2024-10-29 00:35:00,Октябрьская,CSH,2024
3,2024-10-29 09:35:00,Октябрьская,CSH,2024
3,2024-10-29 11:54:00,Октябрьская,CSH,2024
3,2024-10-29 20:30:00,Октябрьская,CSH,2024
2,2024-10-31 03:01:00,Октябрьская,CSH,2024
2,2024-10-31 07:00:00,Октябрьская,CSH,2024
2,2024-10-31 07:57:00,Октябрьская,CSH,2024
3,2024-10-31 10:37:00,Октябрьская,CSH,2024
3,2024-10-31 18:25:00,Октябрьская,CSH,2024
3,2024-01-11 00:14:00,Октябрьская,CSH,2024
3,2024-01-11 09:45:00,Октябрьская,CSH,2024
3,2024-01-11 10:18:00,Октябрьская,CSH,2024
2,2024-01-11 11:45:00,Октябрьская,CSH,2024
3,2024-01-11 13:14:00,Октябрьская,CSH,2024
2,2024-01-11 19:22:00,Октябрьская,CSH,2024
3,2024-01-11 19:36:00,Октябрьская,CSH,2024
1,2024-02-11 14:45:00,Октябрьская,CSH,2024
3,2024-02-11 17:44:00,Октябрьская,CSH,2024
2,2024-02-11 18:58:00,Октябрьская,CSH,2024
3,2024-02-11 21:05:00,Октябрьская,CSH,2024
3,2024-03-11 08:08:00,Октябрьская,CSH,2024
3,2024-03-11 10:50:00,Октябрьская,CSH,2024
3,2024-03-11 12:29:00,Октябрьская,CSH,2024
3,2024-03-11 20:50:00,Октябрьская,CSH,2024
2,2024-03-11 21:42:00,Октябрьская,CSH,2024
3,2024-04-11 01:45:00,Октябрьская,CSH,2024
3,2024-04-11 03:10:00,Октябрьская,CSH,2024
2,2024-04-11 06:32:00,Октябрьская,CSH,2024
3,2024-04-11 07:16:00,Октябрьская,CSH,2024
2,2024-04-11 16:55:00,Октябрьская,CSH,2024
3,2024-05-11 07:43:00,Октябрьская,CSH,2024
3,2024-06-11 06:04:00,Октябрьская,CSH,2024
3,2024-06-11 12:47:00,Октябрьская,CSH,2024
2,2024-06-11 16:15:00,Октябрьская,CSH,2024
3,2024-06-11 16:30:00,Октябрьская,CSH,2024
2,2024-07-11 06:55:00,Октябрьская,CSH,2024
2,2024-07-11 09:31:00,Октябрьская,CSH,2024
2,2024-07-11 16:04:00,Октябрьская,CSH,2024
1,2024-08-11 00:00:00,Октябрьская,CSH,2024
3,2024-08-11 06:52:00,Октябрьская,CSH,2024
2,2024-08-11 08:08:00,Октябрьская,CSH,2024
2,2024-08-11 15:30:00,Октябрьская,CSH,2024
3,2024-09-11 08:58:00,Октябрьская,CSH,2024
2,2024-09-11 16:26:00,Октябрьская,CSH,2024
2,2024-09-11 20:28:00,Октябрьская,CSH,2024
3,2024-10-11 01:10:00,Октябрьская,CSH,2024
3,2024-10-11 14:23:00,Октябрьская,CSH,2024
3,2024-12-11 14:01:00,Октябрьская,CSH,2024
3,2024-12-11 22:45:00,Октябрьская,CSH,2024
3,2024-11-13 04:58:00,Октябрьская,CSH,2024
2,2024-11-13 21:24:00,Октябрьская,CSH,2024
3,2024-11-13 21:39:00,Октябрьская,CSH,2024
3,2024-11-14 02:01:00,Октябрьская,CSH,2024
2,2024-11-14 06:29:00,Октябрьская,CSH,2024
3,2024-11-14 10:25:00,Октябрьская,CSH,2024
1,2024-11-15 09:30:00,Октябрьская,CSH,2024
3,2024-11-15 17:20:00,Октябрьская,CSH,2024
3,2024-11-16 07:03:00,Октябрьская,CSH,2024
2,2024-11-16 10:23:00,Октябрьская,CSH,2024
2,2024-11-17 06:21:00,Октябрьская,CSH,2024
3,2024-11-17 11:05:00,Октябрьская,CSH,2024
2,2024-11-18 01:06:00,Октябрьская,CSH,2024
2,2024-11-18 07:16:00,Октябрьская,CSH,2024
3,2024-11-18 07:45:00,Октябрьская,CSH,2024
3,2024-11-18 09:40:00,Октябрьская,CSH,2024
3,2024-11-18 13:50:00,Октябрьская,CSH,2024
3,2024-11-19 13:44:00,Октябрьская,CSH,2024
2,2024-11-19 13:45:00,Октябрьская,CSH,2024
2,2024-11-19 20:20:00,Октябрьская,CSH,2024
3,2024-11-19 22:00:00,Октябрьская,CSH,2024
2,2024-11-19 22:45:00,Октябрьская,CSH,2024
3,2024-11-20 04:25:00,Октябрьская,CSH,2024
2,2024-11-20 04:30:00,Октябрьская,CSH,2024
3,2024-11-20 05:10:00,Октябрьская,CSH,2024
3,2024-11-20 19:02:00,Октябрьская,CSH,2024
3,2024-11-21 04:50:00,Октябрьская,CSH,2024
3,2024-11-21 10:38:00,Октябрьская,CSH,2024
3,2024-11-21 20:38:00,Октябрьская,CSH,2024
2,2024-11-21 20:54:00,Октябрьская,CSH,2024
3,2024-11-22 17:30:00,Октябрьская,CSH,2024
2,2024-11-22 18:45:00,Октябрьская,CSH,2024
2,2024-11-22 20:26:00,Октябрьская,CSH,2024
3,2024-11-22 22:11:00,Октябрьская,CSH,2024
3,2024-11-23 04:55:00,Октябрьская,CSH,2024
1,2024-11-23 06:10:00,Октябрьская,CSH,2024
3,2024-11-23 11:00:00,Октябрьская,CSH,2024
2,2024-11-23 15:33:00,Октябрьская,CSH,2024
3,2024-11-24 01:46:00,Октябрьская,CSH,2024
2,2024-11-24 05:08:00,Октябрьская,CSH,2024
3,2024-11-25 00:29:00,Октябрьская,CSH,2024
2,2024-11-25 03:57:00,Октябрьская,CSH,2024
3,2024-11-25 06:23:00,Октябрьская,CSH,2024
3,2024-11-25 07:35:00,Октябрьская,CSH,2024
2,2024-11-25 10:45:00,Октябрьская,CSH,2024
3,2024-11-25 13:50:00,Октябрьская,CSH,2024
2,2024-11-25 22:04:00,Октябрьская,CSH,2024
2,2024-11-25 22:43:00,Октябрьская,CSH,2024
3,2024-11-26 08:45:00,Октябрьская,CSH,2024
2,2024-11-26 13:04:00,Октябрьская,CSH,2024
2,2024-11-26 16:25:00,Октябрьская,CSH,2024
3,2024-11-27 16:50:00,Октябрьская,CSH,2024
3,2024-11-27 18:19:00,Октябрьская,CSH,2024
2,2024-11-28 00:01:00,Октябрьская,CSH,2024
3,2024-11-28 09:59:00,Октябрьская,CSH,2024
2,2024-11-29 05:26:00,Октябрьская,CSH,2024
3,2024-11-29 06:55:00,Октябрьская,CSH,2024
3,2024-11-29 10:48:00,Октябрьская,CSH,2024
3,2024-11-29 14:10:00,Октябрьская,CSH,2024
2,2024-11-29 18:32:00,Октябрьская,CSH,2024
3,2024-11-30 00:20:00,Октябрьская,CSH,2024
1,2024-11-30 05:47:00,Октябрьская,CSH,2024
2,2024-11-30 11:03:00,Октябрьская,CSH,2024
3,2024-11-30 13:06:00,Октябрьская,CSH,2024
3,2024-11-30 22:30:00,Октябрьская,CSH,2024
3,2024-01-12 06:17:00,Октябрьская,CSH,2024
1,2024-01-12 22:30:00,Октябрьская,CSH,2024
2,2024-02-12 13:35:00,Октябрьская,CSH,2024
3,2024-03-12 07:25:00,Октябрьская,CSH,2024
3,2024-03-12 08:56:00,Октябрьская,CSH,2024
3,2024-03-12 12:10:00,Октябрьская,CSH,2024
3,2024-04-12 01:23:00,Октябрьская,CSH,2024
2,2024-04-12 09:10:00,Октябрьская,CSH,2024
2,2024-04-12 10:24:00,Октябрьская,CSH,2024
2,2024-04-12 10:37:00,Октябрьская,CSH,2024
1,2024-04-12 13:30:00,Октябрьская,CSH,2024
1,2024-04-12 19:35:00,Октябрьская,CSH,2024
2,2024-04-12 22:41:00,Октябрьская,CSH,2024
2,2024-05-12 05:35:00,Октябрьская,CSH,2024
2,2024-05-12 06:04:00,Октябрьская,CSH,2024
2,2024-05-12 20:16:00,Октябрьская,CSH,2024
2,2024-05-12 20:31:00,Октябрьская,CSH,2024
3,2024-06-12 13:28:00,Октябрьская,CSH,2024
3,2024-06-12 13:35:00,Октябрьская,CSH,2024
2,2024-06-12 21:48:00,Октябрьская,CSH,2024
3,2024-07-12 01:15:00,Октябрьская,CSH,2024
2,2024-07-12 11:10:00,Октябрьская,CSH,2024
3,2024-07-12 13:40:00,Октябрьская,CSH,2024
2,2024-07-12 21:52:00,Октябрьская,CSH,2024
3,2024-10-12 00:50:00,Октябрьская,CSH,2024
2,2024-10-12 00:55:00,Октябрьская,CSH,2024
3,2024-10-12 16:02:00,Октябрьская,CSH,2024
3,2024-11-12 14:37:00,Октябрьская,CSH,2024
3,2024-11-12 17:20:00,Октябрьская,CSH,2024
3,2024-11-12 20:49:00,Октябрьская,CSH,2024
3,2024-11-12 22:18:00,Октябрьская,CSH,2024
3,2024-12-12 09:17:00,Октябрьская,CSH,2024
2,2024-12-12 20:19:00,Октябрьская,CSH,2024
3,2024-12-13 00:30:00,Октябрьская,CSH,2024
2,2024-12-13 13:01:00,Октябрьская,CSH,2024
3,2024-12-13 17:03:00,Октябрьская,CSH,2024
2,2024-12-13 21:48:00,Октябрьская,CSH,2024
3,2024-12-14 05:56:00,Октябрьская,CSH,2024
3,2024-12-14 12:23:00,Октябрьская,CSH,2024
3,2024-12-14 13:20:00,Октябрьская,CSH,2024
2,2024-12-14 13:29:00,Октябрьская,CSH,2024
3,2024-12-14 14:44:00,Октябрьская,CSH,2024
2,2024-12-14 23:57:00,Октябрьская,CSH,2024
3,2024-12-15 02:44:00,Октябрьская,CSH,2024
3,2024-12-15 10:24:00,Октябрьская,CSH,2024
2,2024-12-15 12:22:00,Октябрьская,CSH,2024
2,2024-12-15 15:11:00,Октябрьская,CSH,2024
3,2024-12-15 15:23:00,Октябрьская,CSH,2024
2,2024-12-15 22:16:00,Октябрьская,CSH,2024
1,2024-12-15 22:32:00,Октябрьская,CSH,2024
2,2024-12-15 23:38:00,Октябрьская,CSH,2024
3,2024-12-16 08:13:00,Октябрьская,CSH,2024
3,2024-12-16 13:30:00,Октябрьская,CSH,2024
3,2024-12-16 19:30:00,Октябрьская,CSH,2024
3,2024-12-17 01:12:00,Октябрьская,CSH,2024
2,2024-12-17 06:40:00,Октябрьская,CSH,2024
2,2024-12-17 07:07:00,Октябрьская,CSH,2024
2,2024-12-17 07:13:00,Октябрьская,CSH,2024
3,2024-12-17 12:05:00,Октябрьская,CSH,2024
3,2024-12-17 13:40:00,Октябрьская,CSH,2024
3,2024-12-17 14:50:00,Октябрьская,CSH,2024
3,2024-12-17 14:55:00,Октябрьская,CSH,2024
2,2024-12-18 00:40:00,Октябрьская,CSH,2024
3,2024-12-18 01:09:00,Октябрьская,CSH,2024
3,2024-12-18 05:58:00,Октябрьская,CSH,2024
3,2024-12-18 06:12:00,Октябрьская,CSH,2024
2,2024-12-18 09:20:00,Октябрьская,CSH,2024
3,2024-12-18 16:08:00,Октябрьская,CSH,2024
2,2024-12-18 16:38:00,Октябрьская,CSH,2024
2,2024-12-18 21:32:00,Октябрьская,CSH,2024
3,2024-12-19 00:15:00,Октябрьская,CSH,2024
3,2024-12-19 00:25:00,Октябрьская,CSH,2024
1,2024-12-19 13:42:00,Октябрьская,CSH,2024
2,2024-12-19 20:27:00,Октябрьская,CSH,2024
3,2024-12-20 00:28:00,Октябрьская,CSH,2024
2,2024-12-20 02:59:00,Октябрьская,CSH,2024
3,2024-12-20 03:30:00,Октябрьская,CSH,2024
1,2024-12-20 09:53:00,Октябрьская,CSH,2024
3,2024-12-20 22:35:00,Октябрьская,CSH,2024
3,2024-12-20 23:40:00,Октябрьская,CSH,2024
3,2024-12-21 06:39:00,Октябрьская,CSH,2024
3,2024-12-21 13:50:00,Октябрьская,CSH,2024
3,2024-12-21 18:19:00,Октябрьская,CSH,2024
3,2024-12-22 08:42:00,Октябрьская,CSH,2024
2,2024-12-22 14:28:00,Октябрьская,CSH,2024
3,2024-12-23 07:04:00,Октябрьская,CSH,2024
3,2024-12-23 12:00:00,Октябрьская,CSH,2024
3,2024-12-23 12:15:00,Октябрьская,CSH,2024
3,2024-12-23 18:00:00,Октябрьская,CSH,2024
3,2024-12-23 19:20:00,Октябрьская,CSH,2024
3,2024-12-23 21:30:00,Октябрьская,CSH,2024
2,2024-12-23 22:20:00,Октябрьская,CSH,2024
2,2024-12-25 01:30:00,Октябрьская,CSH,2024
1,2024-12-25 03:25:00,Октябрьская,CSH,2024
3,2024-12-25 04:53:00,Октябрьская,CSH,2024
3,2024-12-25 11:10:00,Октябрьская,CSH,2024
2,2024-12-25 13:35:00,Октябрьская,CSH,2024
3,2024-12-25 14:35:00,Октябрьская,CSH,2024
2,2024-12-26 14:40:00,Октябрьская,CSH,2024
3,2024-12-26 15:11:00,Октябрьская,CSH,2024
3,2024-12-26 16:40:00,Октябрьская,CSH,2024
2,2024-12-26 17:14:00,Октябрьская,CSH,2024
2,2024-12-27 02:40:00,Октябрьская,CSH,2024
3,2024-12-27 10:00:00,Октябрьская,CSH,2024
3,2024-12-27 10:32:00,Октябрьская,CSH,2024
3,2024-12-27 11:14:00,Октябрьская,CSH,2024
2,2024-12-28 00:19:00,Октябрьская,CSH,2024
3,2024-12-28 06:51:00,Октябрьская,CSH,2024
3,2024-12-28 10:43:00,Октябрьская,CSH,2024
2,2024-12-29 05:11:00,Октябрьская,CSH,2024
3,2024-12-29 07:23:00,Октябрьская,CSH,2024
2,2024-12-29 18:00:00,Октябрьская,CSH,2024
3,2024-12-29 23:57:00,Октябрьская,CSH,2024
3,2024-12-30 00:20:00,Октябрьская,CSH,2024
2,2024-12-30 05:29:00,Октябрьская,CSH,2024
1,2024-12-30 08:40:00,Октябрьская,CSH,2024
3,2024-12-30 15:25:00,Октябрьская,CSH,2024
2,2024-12-31 16:24:00,Октябрьская,CSH,2024
